authorId,authorName,problemName,instance,N,m,algoName,solution,time
654321,Qian,toptw,pr01.txt,49,1,ILS, 285.0, 0.176
654321,Qian,toptw,pr02.txt,97,1,ILS, 375.0, 0.177
654321,Qian,toptw,pr03.txt,145,1,ILS, 367.0, 0.36
654321,Qian,toptw,pr04.txt,193,1,ILS, 417.0, 0.322
654321,Qian,toptw,pr05.txt,241,1,ILS, 464.0, 0.242
654321,Qian,toptw,pr06.txt,289,1,ILS, 498.0, 0.662
654321,Qian,toptw,pr07.txt,73,1,ILS, 276.0, 0.11
654321,Qian,toptw,pr08.txt,145,1,ILS, 414.0, 0.26
654321,Qian,toptw,pr09.txt,217,1,ILS, 396.0, 0.558
654321,Qian,toptw,pr10.txt,289,1,ILS, 472.0, 0.377
654321,Qian,toptw,pr11.txt,49,1,ILS, 321.0, 0.045
654321,Qian,toptw,pr12.txt,97,1,ILS, 363.0, 0.165
654321,Qian,toptw,pr13.txt,145,1,ILS, 390.0, 0.427
654321,Qian,toptw,pr14.txt,193,1,ILS, 416.0, 0.243
654321,Qian,toptw,pr15.txt,241,1,ILS, 515.0, 0.406
654321,Qian,toptw,pr16.txt,289,1,ILS, 472.0, 0.657
654321,Qian,toptw,pr17.txt,73,1,ILS, 306.0, 0.093
654321,Qian,toptw,pr18.txt,145,1,ILS, 431.0, 0.27
654321,Qian,toptw,pr19.txt,217,1,ILS, 412.0, 0.744
654321,Qian,toptw,pr20.txt,289,1,ILS, 516.0, 0.674
654321,Qian,toptw,pr01.txt,49,2,ILS, 457.0, 0.164
654321,Qian,toptw,pr02.txt,97,2,ILS, 620.0, 0.334
654321,Qian,toptw,pr03.txt,145,2,ILS, 646.0, 0.39
654321,Qian,toptw,pr04.txt,193,2,ILS, 763.0, 0.447
654321,Qian,toptw,pr05.txt,241,2,ILS, 882.0, 1.167
654321,Qian,toptw,pr06.txt,289,2,ILS, 808.0, 0.533
654321,Qian,toptw,pr07.txt,73,2,ILS, 508.0, 0.111
654321,Qian,toptw,pr08.txt,145,2,ILS, 715.0, 0.41400000000000003
654321,Qian,toptw,pr09.txt,217,2,ILS, 753.0, 0.755
654321,Qian,toptw,pr10.txt,289,2,ILS, 876.0, 0.6980000000000001
654321,Qian,toptw,pr11.txt,49,2,ILS, 498.0, 0.105
654321,Qian,toptw,pr12.txt,97,2,ILS, 611.0, 0.31
654321,Qian,toptw,pr13.txt,145,2,ILS, 659.0, 0.308
654321,Qian,toptw,pr14.txt,193,2,ILS, 734.0, 0.548
654321,Qian,toptw,pr15.txt,241,2,ILS, 873.0, 0.748
654321,Qian,toptw,pr16.txt,289,2,ILS, 830.0, 0.711
654321,Qian,toptw,pr17.txt,73,2,ILS, 536.0, 0.108
654321,Qian,toptw,pr18.txt,145,2,ILS, 737.0, 0.587
654321,Qian,toptw,pr19.txt,217,2,ILS, 754.0, 1.018
654321,Qian,toptw,pr20.txt,289,2,ILS, 910.0, 0.853
654321,Qian,toptw,pr01.txt,49,3,ILS, 571.0, 0.161
654321,Qian,toptw,pr02.txt,97,3,ILS, 827.0, 0.5750000000000001
654321,Qian,toptw,pr03.txt,145,3,ILS, 831.0, 0.615
654321,Qian,toptw,pr04.txt,193,3,ILS, 1042.0, 0.983
654321,Qian,toptw,pr05.txt,241,3,ILS, 1161.0, 1.0170000000000001
654321,Qian,toptw,pr06.txt,289,3,ILS, 1153.0, 0.9440000000000001
654321,Qian,toptw,pr07.txt,73,3,ILS, 671.0, 0.255
654321,Qian,toptw,pr08.txt,145,3,ILS, 947.0, 0.962
654321,Qian,toptw,pr09.txt,217,3,ILS, 1011.0, 0.9480000000000001
654321,Qian,toptw,pr10.txt,289,3,ILS, 1206.0, 1.215
654321,Qian,toptw,pr11.txt,49,3,ILS, 621.0, 0.28300000000000003
654321,Qian,toptw,pr12.txt,97,3,ILS, 797.0, 0.493
654321,Qian,toptw,pr13.txt,145,3,ILS, 894.0, 0.916
654321,Qian,toptw,pr14.txt,193,3,ILS, 1032.0, 0.731
654321,Qian,toptw,pr15.txt,241,3,ILS, 1172.0, 1.035
654321,Qian,toptw,pr16.txt,289,3,ILS, 1103.0, 2.065
654321,Qian,toptw,pr17.txt,73,3,ILS, 708.0, 0.396
654321,Qian,toptw,pr18.txt,145,3,ILS, 970.0, 0.524
654321,Qian,toptw,pr19.txt,217,3,ILS, 1009.0, 1.103
654321,Qian,toptw,pr20.txt,289,3,ILS, 1198.0, 1.389
654321,Qian,toptw,pr01.txt,49,4,ILS, 640.0, 0.153
654321,Qian,toptw,pr02.txt,97,4,ILS, 935.0, 0.66
654321,Qian,toptw,pr03.txt,145,4,ILS, 1047.0, 0.9430000000000001
654321,Qian,toptw,pr04.txt,193,4,ILS, 1297.0, 1.205
654321,Qian,toptw,pr05.txt,241,4,ILS, 1410.0, 1.863
654321,Qian,toptw,pr06.txt,289,4,ILS, 1416.0, 2.686
654321,Qian,toptw,pr07.txt,73,4,ILS, 785.0, 0.307
654321,Qian,toptw,pr08.txt,145,4,ILS, 1142.0, 0.537
654321,Qian,toptw,pr09.txt,217,4,ILS, 1259.0, 1.252
654321,Qian,toptw,pr10.txt,289,4,ILS, 1452.0, 1.7790000000000001
654321,Qian,toptw,pr11.txt,49,4,ILS, 654.0, 0.28400000000000003
654321,Qian,toptw,pr12.txt,97,4,ILS, 947.0, 0.454
654321,Qian,toptw,pr13.txt,145,4,ILS, 1110.0, 0.654
654321,Qian,toptw,pr14.txt,193,4,ILS, 1233.0, 1.212
654321,Qian,toptw,pr15.txt,241,4,ILS, 1460.0, 2.952
654321,Qian,toptw,pr16.txt,289,4,ILS, 1465.0, 2.2800000000000002
654321,Qian,toptw,pr17.txt,73,4,ILS, 815.0, 0.909
654321,Qian,toptw,pr18.txt,145,4,ILS, 1194.0, 0.75
654321,Qian,toptw,pr19.txt,217,4,ILS, 1246.0, 1.47
654321,Qian,toptw,pr20.txt,289,4,ILS, 1426.0, 1.6260000000000001
