{
  "instname": "pr08.txt",
  "N": 145,
  "m": 2,
  "param": {
    "problemName": "toptw",
    "authorId": "654321",
    "authorName": "Qian",
    "algoName": "ILS",
    "randomSeed": 3,
    "timeLimit": 60,
    "testSetPrefix": "",
    "testSetExtension": ".txt",
    "pathData": "data/toptw",
    "pathResultSol": "/Users/naiquh/box.nju/Seafile/code/teaching/teaching_toptw_java/result/toptw/ILS",
    "pathResultCsv": "/Users/naiquh/box.nju/Seafile/code/teaching/teaching_toptw_java/result/toptw/result_ILS.csv"
  },
  "time": 0.41400000000000003,
  "obj": 715.0,
  "sol": {
    "routeList": [
      {
        "rList": [
          0,
          100,
          125,
          108,
          68,
          77,
          54,
          17,
          98,
          55,
          48,
          92,
          24,
          135,
          76,
          1,
          33,
          138,
          41,
          19,
          0
        ],
        "earliest": [
          0.0,
          65.75613055069465,
          157.62143187025526,
          171.28919787932958,
          192.57672274258243,
          209.93412781592556,
          245.64633458478465,
          277.5455472576519,
          301.35950327638824,
          319.7546564519139,
          347.06900856899165,
          372.27317470553606,
          393.8179670810002,
          412.0440962958495,
          444.33608233176335,
          456.3037583518033,
          484.7707836333131,
          526.2916835708969,
          573.726382279905,
          626.085968025898,
          668.5000843513502
        ],
        "latest": [
          30.5364695531522,
          96.29260010384685,
          160.9140319741021,
          172.20322985343168,
          193.49075471668453,
          210.84815979002767,
          246.56036655888676,
          278.459579231754,
          302.27353525049034,
          320.668688426016,
          347.98304054309375,
          373.18720667963817,
          394.7319990551023,
          412.9581282699516,
          445.25011430586545,
          457.2177903259054,
          485.6848156074152,
          527.205715544999,
          574.640414254007,
          627.0,
          1000.0
        ],
        "profit": 398.0
      },
      {
        "rList": [
          0,
          129,
          93,
          63,
          34,
          50,
          133,
          106,
          97,
          127,
          102,
          109,
          10,
          8,
          61,
          23,
          28,
          140,
          0
        ],
        "earliest": [
          0.0,
          37.91245495875992,
          117.2197639967535,
          192.25046216300433,
          214.28937116706808,
          250.80938204628393,
          272.6545727362062,
          288.7316526711076,
          308.059853798597,
          324.9354076132933,
          372.46710469138856,
          400.29569561167284,
          421.47223947489084,
          467.3232993757924,
          487.2965327187957,
          537.1720858529801,
          571.036054570564,
          597.6774546619025,
          639.1863704373945
        ],
        "latest": [
          47.83708287823575,
          85.74953783699567,
          122.96930183374917,
          198.0,
          221.3114990550695,
          257.83150993428535,
          279.6767006242076,
          289.40835329531524,
          308.7365544228046,
          325.61210823750093,
          373.1438053155962,
          400.97239623588047,
          422.14894009909847,
          468.0,
          489.61907805689316,
          539.4946311910776,
          573.3585999086615,
          600.0,
          1000.0
        ],
        "profit": 317.0
      }
    ],
    "unvisited": [
      56,
      87,
      51,
      70,
      118,
      116,
      136,
      131,
      141,
      14,
      30,
      83,
      144,
      36,
      37,
      60,
      123,
      124,
      6,
      20,
      32,
      71,
      58,
      39,
      89,
      119,
      43,
      64,
      107,
      115,
      9,
      57,
      67,
      85,
      22,
      44,
      65,
      84,
      88,
      113,
      143,
      7,
      21,
      73,
      112,
      117,
      13,
      27,
      47,
      49,
      72,
      75,
      78,
      99,
      121,
      130,
      80,
      105,
      132,
      2,
      11,
      16,
      74,
      81,
      110,
      126,
      128,
      18,
      26,
      82,
      96,
      134,
      3,
      31,
      59,
      90,
      101,
      120,
      137,
      139,
      142,
      4,
      45,
      69,
      86,
      104,
      122,
      38,
      46,
      62,
      12,
      40,
      91,
      94,
      95,
      42,
      52,
      53,
      103,
      15,
      29,
      35,
      79,
      5,
      25,
      66,
      114,
      111
    ],
    "profit": 715.0,
    "distance": 1307.6864547887449
  },
  "time_relocate_0": 0.0,
  "time_relocate_1": 0.0,
  "time_relocate_2": 0.027000000000000017,
  "time_exchange_0": 0.0,
  "time_exchange_1": 0.0,
  "time_exchange_2": 0.0,
  "time_two_opt": 0.0,
  "time_two_opt_star": 0.05000000000000004
}
