{
  "instname": "pr16.txt",
  "N": 289,
  "m": 1,
  "param": {
    "problemName": "toptw",
    "authorId": "654321",
    "authorName": "Qian",
    "algoName": "ILS",
    "randomSeed": 3,
    "timeLimit": 60,
    "testSetPrefix": "",
    "testSetExtension": ".txt",
    "pathData": "data/toptw",
    "pathResultSol": "/Users/naiquh/box.nju/Seafile/code/teaching/teaching_toptw_java/result/toptw/ILS",
    "pathResultCsv": "/Users/naiquh/box.nju/Seafile/code/teaching/teaching_toptw_java/result/toptw/result_ILS.csv"
  },
  "time": 0.657,
  "obj": 472.0,
  "sol": {
    "routeList": [
      {
        "rList": [
          0,
          121,
          230,
          124,
          33,
          84,
          267,
          29,
          279,
          99,
          11,
          67,
          269,
          156,
          111,
          39,
          172,
          118,
          168,
          133,
          127,
          261,
          78,
          143,
          122,
          0
        ],
        "earliest": [
          0.0,
          78.26247485225599,
          105.77488857094261,
          125.03346238223999,
          166.39964349771913,
          185.88417648248176,
          205.28635765754902,
          233.0480586924014,
          268.2608883410527,
          304.75125783118386,
          348.5067379594668,
          358.83783854702426,
          375.4860119584597,
          396.30717696000715,
          405.84911773461,
          440.92844153344817,
          445.31784522474857,
          459.8691263449969,
          493.4035306540162,
          513.4109442324337,
          532.9378026862998,
          559.8434917287494,
          582.3272354380699,
          613.6637196747052,
          625.0563594277467,
          709.4658854676192
        ],
        "latest": [
          9.32658091531026,
          87.58905576756625,
          106.36394433850886,
          125.62251814980624,
          166.98869926528542,
          186.47323225004806,
          205.8754134251153,
          233.6371144599677,
          268.84994410861896,
          305.34031359875013,
          349.0957937270331,
          359.4268943145905,
          376.07506772602596,
          396.8962327275734,
          406.43817350217626,
          441.51749730101443,
          445.90690099231483,
          460.4581821125632,
          493.9925864215825,
          514.0,
          537.8814432585532,
          564.7871323010028,
          587.2708760103233,
          618.6073602469586,
          630.0,
          1000.0
        ],
        "profit": 472.0
      }
    ],
    "unvisited": [
      40,
      70,
      135,
      149,
      154,
      170,
      228,
      237,
      50,
      130,
      205,
      220,
      246,
      256,
      286,
      20,
      27,
      31,
      110,
      119,
      198,
      213,
      287,
      34,
      128,
      155,
      193,
      197,
      219,
      227,
      268,
      2,
      106,
      116,
      158,
      195,
      209,
      282,
      14,
      16,
      86,
      90,
      151,
      177,
      188,
      234,
      248,
      255,
      265,
      270,
      1,
      6,
      8,
      15,
      30,
      82,
      136,
      147,
      179,
      182,
      224,
      225,
      41,
      74,
      87,
      113,
      134,
      153,
      194,
      203,
      215,
      218,
      254,
      3,
      7,
      22,
      23,
      44,
      57,
      92,
      226,
      232,
      245,
      25,
      51,
      58,
      93,
      112,
      123,
      173,
      184,
      196,
      214,
      250,
      257,
      284,
      26,
      28,
      54,
      56,
      103,
      164,
      166,
      167,
      192,
      221,
      242,
      263,
      271,
      275,
      95,
      157,
      169,
      202,
      240,
      241,
      244,
      259,
      262,
      272,
      49,
      73,
      129,
      131,
      138,
      181,
      189,
      201,
      48,
      55,
      77,
      91,
      96,
      125,
      223,
      273,
      276,
      38,
      80,
      89,
      120,
      152,
      165,
      206,
      229,
      239,
      249,
      252,
      32,
      43,
      83,
      85,
      105,
      174,
      216,
      231,
      247,
      253,
      260,
      13,
      60,
      75,
      79,
      97,
      102,
      126,
      150,
      160,
      171,
      217,
      117,
      137,
      277,
      281,
      285,
      45,
      53,
      100,
      238,
      264,
      4,
      5,
      21,
      65,
      81,
      108,
      146,
      186,
      210,
      211,
      222,
      233,
      235,
      288,
      12,
      36,
      76,
      101,
      141,
      148,
      178,
      191,
      204,
      207,
      212,
      280,
      283,
      17,
      35,
      42,
      46,
      61,
      64,
      71,
      72,
      104,
      132,
      163,
      175,
      236,
      274,
      10,
      18,
      24,
      47,
      62,
      94,
      144,
      187,
      251,
      9,
      19,
      52,
      69,
      107,
      142,
      145,
      161,
      162,
      180,
      183,
      185,
      243,
      258,
      278,
      37,
      59,
      63,
      66,
      68,
      98,
      109,
      114,
      115,
      139,
      140,
      159,
      199,
      200,
      208,
      266,
      88,
      176,
      190
    ],
    "profit": 472.0,
    "distance": 709.4658854676192
  },
  "time_relocate_0": 0.0,
  "time_relocate_1": 0.0,
  "time_relocate_2": 0.0,
  "time_exchange_0": 0.0,
  "time_exchange_1": 0.0,
  "time_exchange_2": 0.0,
  "time_two_opt": 0.0,
  "time_two_opt_star": 0.0
}
