{
  "instname": "pr17.txt",
  "N": 73,
  "m": 1,
  "param": {
    "problemName": "toptw",
    "authorId": "654321",
    "authorName": "Qian",
    "algoName": "ILS",
    "randomSeed": 3,
    "timeLimit": 60,
    "testSetPrefix": "",
    "testSetExtension": ".txt",
    "pathData": "data/toptw",
    "pathResultSol": "/Users/naiquh/box.nju/Seafile/code/teaching/teaching_toptw_java/result/toptw/ILS",
    "pathResultCsv": "/Users/naiquh/box.nju/Seafile/code/teaching/teaching_toptw_java/result/toptw/result_ILS.csv"
  },
  "time": 0.093,
  "obj": 306.0,
  "sol": {
    "routeList": [
      {
        "rList": [
          0,
          5,
          72,
          15,
          8,
          34,
          44,
          22,
          54,
          29,
          52,
          21,
          19,
          60,
          37,
          58,
          69,
          0
        ],
        "earliest": [
          0.0,
          105.18060947722255,
          136.1693927879415,
          189.69805775845842,
          225.27330365768975,
          234.316931118987,
          257.63993477804564,
          269.233348432399,
          277.90950508075883,
          334.08106464939374,
          365.08022759100487,
          416.48280849485934,
          446.34665535777475,
          472.0638016573344,
          519.5090416060904,
          554.2047555341775,
          636.5668156853817,
          705.6037208181488
        ],
        "latest": [
          1.645631692916524,
          106.82624117013907,
          137.815024480858,
          191.34368945137493,
          226.91893535060626,
          235.23586646959325,
          258.5588701286519,
          270.15228378300526,
          278.8284404313651,
          335.0,
          370.51341190562323,
          421.9159928094777,
          451.7798396723931,
          477.49698597195277,
          524.9422259207087,
          559.6379398487958,
          642.0,
          1000.0
        ],
        "profit": 306.0
      }
    ],
    "unvisited": [
      12,
      32,
      63,
      38,
      41,
      47,
      35,
      48,
      1,
      65,
      3,
      71,
      30,
      7,
      50,
      56,
      67,
      9,
      49,
      51,
      64,
      66,
      10,
      45,
      39,
      4,
      16,
      25,
      33,
      36,
      43,
      53,
      26,
      31,
      61,
      24,
      70,
      11,
      18,
      23,
      55,
      2,
      28,
      13,
      59,
      20,
      27,
      68,
      46,
      17,
      57,
      62,
      6,
      40,
      42,
      14
    ],
    "profit": 306.0,
    "distance": 705.6037208181488
  },
  "time_relocate_0": 0.0,
  "time_relocate_1": 0.0,
  "time_relocate_2": 0.001,
  "time_exchange_0": 0.0,
  "time_exchange_1": 0.0,
  "time_exchange_2": 0.0,
  "time_two_opt": 0.0,
  "time_two_opt_star": 0.001
}
