{
  "instname": "pr11.txt",
  "N": 49,
  "m": 3,
  "param": {
    "problemName": "toptw",
    "authorId": "654321",
    "authorName": "Qian",
    "algoName": "ILS",
    "randomSeed": 3,
    "timeLimit": 60,
    "testSetPrefix": "",
    "testSetExtension": ".txt",
    "pathData": "data/toptw",
    "pathResultSol": "/Users/naiquh/box.nju/Seafile/code/teaching/teaching_toptw_java/result/toptw/ILS",
    "pathResultCsv": "/Users/naiquh/box.nju/Seafile/code/teaching/teaching_toptw_java/result/toptw/result_ILS.csv"
  },
  "time": 0.28300000000000003,
  "obj": 621.0,
  "sol": {
    "routeList": [
      {
        "rList": [
          0,
          3,
          45,
          27,
          34,
          35,
          32,
          42,
          46,
          43,
          24,
          47,
          40,
          38,
          12,
          0
        ],
        "earliest": [
          0.0,
          48.163300769361726,
          134.65661272123438,
          173.7953886917346,
          240.4495824078027,
          261.514079279587,
          279.0574936201438,
          323.4746477530439,
          379.35512321894305,
          441.1023978398627,
          480.5138711436219,
          494.7241662639193,
          538.0262967963642,
          576.9530577736392,
          607.6403620735932,
          679.1567313178846
        ],
        "latest": [
          43.11253296671893,
          91.27583373608066,
          134.93244645731505,
          174.07122242781526,
          240.72541614388336,
          261.7899130156677,
          279.3333273562245,
          323.7504814891246,
          379.63095695502375,
          441.3782315759434,
          480.7897048797026,
          495.0,
          539.073239022725,
          578.0,
          639.0,
          1000.0
        ],
        "profit": 250.0
      },
      {
        "rList": [
          0,
          20,
          8,
          29,
          18,
          25,
          26,
          16,
          30,
          23,
          28,
          1,
          33,
          5,
          0
        ],
        "earliest": [
          0.0,
          82.9794162729529,
          117.77022555784717,
          132.01076861548182,
          183.9676383857464,
          217.89973031981432,
          241.66509173821495,
          262.84197128103943,
          335.4435320371204,
          370.0112341681704,
          430.42123541786106,
          447.59453215606686,
          487.38017055215596,
          544.6383451476868,
          635.7617021202275
        ],
        "latest": [
          5.988765831829539,
          88.96818210478244,
          123.75899138967671,
          137.99953444731136,
          189.95640421757594,
          223.88849615164386,
          247.6538575700445,
          268.830737112869,
          341.43229786894995,
          376.0,
          449.0410648657051,
          466.2143616039109,
          506.0,
          581.0,
          1000.0
        ],
        "profit": 197.0
      },
      {
        "rList": [
          0,
          36,
          2,
          21,
          39,
          44,
          9,
          37,
          10,
          11,
          7,
          31,
          41,
          14,
          4,
          22,
          0
        ],
        "earliest": [
          0.0,
          34.48742363529059,
          116.4401300323873,
          162.87115091696498,
          194.7182881127343,
          240.89090340359598,
          260.3023926567474,
          287.35489703049296,
          315.2786504901003,
          322.16601942707035,
          351.9488402580035,
          380.1385498775546,
          402.530796919491,
          441.3582855371282,
          471.0420401388448,
          549.6746297992297,
          597.6808568637031
        ],
        "latest": [
          49.53555390873232,
          84.02297754402291,
          121.46310757641021,
          167.89412846098787,
          199.7412656567572,
          245.91388094761888,
          265.32537020077024,
          290.6802672312632,
          318.6040206908705,
          325.4913896278406,
          355.2742104587737,
          383.46392007832486,
          405.85616712026126,
          444.68365573789845,
          474.36741033961505,
          553.0,
          1000.0
        ],
        "profit": 174.0
      }
    ],
    "unvisited": [
      48,
      13,
      6,
      17,
      15,
      19
    ],
    "profit": 621.0,
    "distance": 1912.599290301815
  },
  "time_relocate_0": 0.0,
  "time_relocate_1": 0.0,
  "time_relocate_2": 0.048000000000000036,
  "time_exchange_0": 0.0,
  "time_exchange_1": 0.0,
  "time_exchange_2": 0.0,
  "time_two_opt": 0.0,
  "time_two_opt_star": 0.11100000000000008
}
