{
  "instname": "pr01.txt",
  "N": 49,
  "m": 2,
  "param": {
    "problemName": "toptw",
    "authorId": "654321",
    "authorName": "Qian",
    "algoName": "ILS",
    "randomSeed": 3,
    "timeLimit": 60,
    "testSetPrefix": "",
    "testSetExtension": ".txt",
    "pathData": "data/toptw",
    "pathResultSol": "/Users/naiquh/box.nju/Seafile/code/teaching/teaching_toptw_java/result/toptw/ILS",
    "pathResultCsv": "/Users/naiquh/box.nju/Seafile/code/teaching/teaching_toptw_java/result/toptw/result_ILS.csv"
  },
  "time": 0.164,
  "obj": 457.0,
  "sol": {
    "routeList": [
      {
        "rList": [
          0,
          9,
          47,
          12,
          38,
          30,
          32,
          37,
          45,
          10,
          11,
          21,
          39,
          43,
          44,
          35,
          34,
          22,
          0
        ],
        "earliest": [
          0.0,
          22.46005149148149,
          118.26021523119812,
          139.69028885774,
          158.37759315769404,
          205.88357161808443,
          246.9288676224713,
          264.13431868068005,
          298.8043955796689,
          314.6153982224521,
          321.50276715942215,
          400.1228394456375,
          431.96997664140684,
          468.4237613360811,
          527.593960036116,
          545.523160731059,
          564.5876576028433,
          591.7394332493463,
          650.1339912632558
        ],
        "latest": [
          60.28674189717421,
          82.7467933886557,
          129.00700861985382,
          145.69729747759382,
          164.38460177754786,
          209.26817339563232,
          250.3134694000192,
          267.51892045822797,
          302.1889973572168,
          318.0,
          328.91510955657895,
          407.5351818427943,
          439.38231903856365,
          475.8361037332379,
          535.0063024332727,
          552.9355031282157,
          572.0,
          607.0,
          1000.0
        ],
        "profit": 267.0
      },
      {
        "rList": [
          0,
          24,
          15,
          14,
          5,
          29,
          20,
          33,
          1,
          23,
          25,
          26,
          16,
          8,
          0
        ],
        "earliest": [
          0.0,
          51.316001890248614,
          136.64007481754211,
          219.79056592941916,
          283.6803702827468,
          296.5806211204393,
          323.10788646101236,
          348.90025278148505,
          407.68589117757415,
          455.3487260545285,
          488.5586787418019,
          512.3240401602025,
          533.500919703027,
          586.9364382684438,
          671.0100674061026
        ],
        "latest": [
          40.74755984130762,
          92.06356173155623,
          137.70363654909835,
          220.8541276609754,
          284.743932014303,
          297.6441828519955,
          324.17144819256856,
          349.96381451304126,
          408.7494529091303,
          456.4122877860847,
          489.62224047335803,
          513.3876018917587,
          534.5644814345832,
          588.0,
          1000.0
        ],
        "profit": 190.0
      }
    ],
    "unvisited": [
      42,
      46,
      18,
      3,
      27,
      40,
      7,
      31,
      36,
      48,
      13,
      28,
      2,
      41,
      6,
      17,
      19,
      4
    ],
    "profit": 457.0,
    "distance": 1321.1440586693584
  },
  "time_relocate_0": 0.0,
  "time_relocate_1": 0.0,
  "time_relocate_2": 0.03300000000000002,
  "time_exchange_0": 0.0,
  "time_exchange_1": 0.0,
  "time_exchange_2": 0.0,
  "time_two_opt": 0.0,
  "time_two_opt_star": 0.06900000000000005
}
