{
  "instname": "pr11.txt",
  "N": 49,
  "m": 4,
  "param": {
    "problemName": "toptw",
    "authorId": "654321",
    "authorName": "Qian",
    "algoName": "ILS",
    "randomSeed": 3,
    "timeLimit": 60,
    "testSetPrefix": "",
    "testSetExtension": ".txt",
    "pathData": "data/toptw",
    "pathResultSol": "/Users/naiquh/box.nju/Seafile/code/teaching/teaching_toptw_java/result/toptw/ILS",
    "pathResultCsv": "/Users/naiquh/box.nju/Seafile/code/teaching/teaching_toptw_java/result/toptw/result_ILS.csv"
  },
  "time": 0.28400000000000003,
  "obj": 654.0,
  "sol": {
    "routeList": [
      {
        "rList": [
          0,
          20,
          29,
          16,
          32,
          34,
          11,
          45,
          3,
          27,
          46,
          43,
          38,
          12,
          0
        ],
        "earliest": [
          0.0,
          82.9794162729529,
          111.50668161352597,
          146.6987902482016,
          219.25788806881593,
          248.1414951884122,
          263.87890233816205,
          274.7761394661721,
          306.4327521874065,
          346.66900060023374,
          461.2040932423456,
          522.9513678632652,
          577.6951146490496,
          608.3824189490036,
          679.898788193295
        ],
        "latest": [
          5.6060951027486965,
          88.5855113757016,
          117.11277671627467,
          152.3048853509503,
          219.56277341976622,
          248.44638053936248,
          264.18378768911236,
          275.0810248171224,
          306.7376375383568,
          346.97388595118406,
          461.5089785932959,
          523.2562532142156,
          578.0,
          639.0,
          1000.0
        ],
        "profit": 227.0
      },
      {
        "rList": [
          0,
          42,
          21,
          47,
          2,
          41,
          36,
          7,
          44,
          35,
          10,
          6,
          48,
          22,
          37,
          9,
          0
        ],
        "earliest": [
          0.0,
          39.25735421548426,
          149.3374647057239,
          165.05080210375013,
          214.03476657652067,
          256.0871494627097,
          284.8158720566295,
          330.2869510346986,
          356.4096644203233,
          374.3388651152663,
          400.49319482753697,
          427.92147719699864,
          455.9517163603169,
          510.2687346897601,
          557.4398875170458,
          584.7947845475388,
          609.068424233488
        ],
        "latest": [
          46.251956163719775,
          85.50931037920404,
          160.84677508492794,
          176.56011248295417,
          214.59487905947483,
          256.6472619456639,
          285.37598453958367,
          330.84706351765277,
          356.9697769032775,
          374.8989775982205,
          401.05330731049116,
          428.48158967995283,
          456.5118288432711,
          510.8288471727143,
          558.0,
          588.0,
          1000.0
        ],
        "profit": 202.0
      },
      {
        "rList": [
          0,
          8,
          23,
          17,
          15,
          30,
          25,
          26,
          18,
          24,
          40,
          0
        ],
        "earliest": [
          0.0,
          94.01224840413083,
          174.8839120375818,
          244.31456845644803,
          292.41680406622686,
          332.3621135352215,
          366.6282747066965,
          390.39363612509715,
          408.4961441595618,
          486.1554108724751,
          532.5050079679038,
          632.3570072959593
        ],
        "latest": [
          15.832340723394097,
          109.84458912752493,
          175.72850116510674,
          245.15915758397296,
          293.26139319375176,
          333.2067026627464,
          367.4728638342214,
          391.23822525262204,
          409.3407332870867,
          487.0,
          570.0,
          1000.0
        ],
        "profit": 127.0
      },
      {
        "rList": [
          0,
          39,
          31,
          13,
          14,
          4,
          1,
          33,
          28,
          5,
          0
        ],
        "earliest": [
          0.0,
          35.70827838191026,
          131.9688524471659,
          238.747857578506,
          310.4178482631616,
          340.1016028648782,
          381.4578836012572,
          421.2435219973463,
          491.0069923106864,
          543.495953430505,
          634.6193104030457
        ],
        "latest": [
          81.79576818758476,
          117.50404656949502,
          169.4728990166609,
          276.251904148001,
          347.9218948326566,
          377.6056494343732,
          418.9619301707522,
          458.7475685668413,
          528.5110388801814,
          581.0,
          1000.0
        ],
        "profit": 98.0
      }
    ],
    "unvisited": [
      19
    ],
    "profit": 654.0,
    "distance": 2555.943530125788
  },
  "time_relocate_0": 0.0,
  "time_relocate_1": 0.0,
  "time_relocate_2": 0.06200000000000005,
  "time_exchange_0": 0.0,
  "time_exchange_1": 0.0,
  "time_exchange_2": 0.0,
  "time_two_opt": 0.0,
  "time_two_opt_star": 0.1300000000000001
}
