{
  "instname": "pr07.txt",
  "N": 73,
  "m": 3,
  "param": {
    "problemName": "toptw",
    "authorId": "654321",
    "authorName": "Qian",
    "algoName": "ILS",
    "randomSeed": 3,
    "timeLimit": 60,
    "testSetPrefix": "",
    "testSetExtension": ".txt",
    "pathData": "data/toptw",
    "pathResultSol": "/Users/naiquh/box.nju/Seafile/code/teaching/teaching_toptw_java/result/toptw/ILS",
    "pathResultCsv": "/Users/naiquh/box.nju/Seafile/code/teaching/teaching_toptw_java/result/toptw/result_ILS.csv"
  },
  "time": 0.255,
  "obj": 671.0,
  "sol": {
    "routeList": [
      {
        "rList": [
          0,
          12,
          7,
          29,
          46,
          53,
          56,
          32,
          69,
          44,
          3,
          54,
          8,
          15,
          45,
          72,
          0
        ],
        "earliest": [
          0.0,
          66.41911671348845,
          109.80136572167032,
          174.45057307600155,
          216.0088462045618,
          232.15565731162206,
          291.0347733121974,
          320.5188659906336,
          373.2967932891201,
          410.95190019902014,
          439.49287243798835,
          472.51224127829704,
          495.12344110226303,
          525.6986870014944,
          540.6901934937347,
          586.0025157499008,
          668.9203499031216
        ],
        "latest": [
          12.425225974889486,
          78.84434268837794,
          111.64570841004827,
          176.29491576437948,
          217.85318889293973,
          234.0,
          297.0322575622966,
          326.51635024073283,
          379.2942775392193,
          416.94938444911935,
          445.49035668808756,
          478.50972552839625,
          501.12092535236224,
          531.6961712515936,
          546.6876777438339,
          592.0,
          1000.0
        ],
        "profit": 271.0
      },
      {
        "rList": [
          0,
          31,
          38,
          2,
          35,
          67,
          9,
          14,
          48,
          30,
          21,
          55,
          58,
          37,
          19,
          42,
          36,
          0
        ],
        "earliest": [
          0.0,
          47.67659305151743,
          120.35398165984493,
          144.61170843265475,
          167.42594415983882,
          221.93080943683987,
          276.2685266111532,
          309.4283871967053,
          332.73141514969075,
          357.242610069476,
          401.83268233585,
          411.59395903495044,
          462.2906091409206,
          496.9863230690077,
          546.0457865171923,
          555.577615489369,
          611.7737710269325,
          674.2189553971443
        ],
        "latest": [
          12.745791459113548,
          60.42238451063098,
          120.77636617047591,
          145.03409294328574,
          167.8483286704698,
          222.35319394747086,
          276.6909111217842,
          309.85077170733626,
          333.15379966032174,
          357.66499458010696,
          402.255066846481,
          412.0163435455815,
          462.71299365155164,
          497.40870757963876,
          546.4681710278232,
          556.0,
          624.0,
          1000.0
        ],
        "profit": 222.0
      },
      {
        "rList": [
          0,
          16,
          25,
          22,
          4,
          59,
          51,
          41,
          47,
          17,
          63,
          28,
          52,
          34,
          0
        ],
        "earliest": [
          0.0,
          66.10877111246283,
          143.17829765568726,
          181.04590583657634,
          228.17522618828139,
          275.39715702209395,
          292.20133818810456,
          327.29896167986305,
          352.8018897933541,
          380.7801662961563,
          462.0809896574612,
          488.0733009751445,
          526.7926000463003,
          594.4871496580819,
          656.0402667392632
        ],
        "latest": [
          22.098628841236817,
          88.20739995369965,
          150.3856976093869,
          188.253305790276,
          235.38262614198104,
          282.60455697579357,
          299.4087381418042,
          334.5063616335627,
          360.00928974705374,
          387.98756624985594,
          469.2883896111608,
          495.2807009288441,
          534.0,
          622.0,
          1000.0
        ],
        "profit": 178.0
      }
    ],
    "unvisited": [
      1,
      65,
      71,
      5,
      50,
      49,
      64,
      66,
      10,
      39,
      33,
      43,
      26,
      61,
      24,
      70,
      11,
      18,
      23,
      13,
      20,
      27,
      68,
      57,
      62,
      6,
      40,
      60
    ],
    "profit": 671.0,
    "distance": 1999.1795720395291
  },
  "time_relocate_0": 0.0,
  "time_relocate_1": 0.0,
  "time_relocate_2": 0.04200000000000003,
  "time_exchange_0": 0.0,
  "time_exchange_1": 0.0,
  "time_exchange_2": 0.0,
  "time_two_opt": 0.0,
  "time_two_opt_star": 0.06400000000000004
}
