{
  "instname": "pr15.txt",
  "N": 241,
  "m": 1,
  "param": {
    "problemName": "toptw",
    "authorId": "654321",
    "authorName": "Qian",
    "algoName": "ILS",
    "randomSeed": 3,
    "timeLimit": 60,
    "testSetPrefix": "",
    "testSetExtension": ".txt",
    "pathData": "data/toptw",
    "pathResultSol": "/Users/naiquh/box.nju/Seafile/code/teaching/teaching_toptw_java/result/toptw/ILS",
    "pathResultCsv": "/Users/naiquh/box.nju/Seafile/code/teaching/teaching_toptw_java/result/toptw/result_ILS.csv"
  },
  "time": 0.406,
  "obj": 515.0,
  "sol": {
    "routeList": [
      {
        "rList": [
          0,
          150,
          235,
          29,
          158,
          211,
          173,
          67,
          18,
          143,
          153,
          81,
          142,
          11,
          84,
          91,
          193,
          203,
          187,
          80,
          28,
          135,
          77,
          198,
          30,
          212,
          101,
          204,
          36,
          179,
          0
        ],
        "earliest": [
          0.0,
          25.141562501165275,
          84.18751948786243,
          98.37927497131886,
          124.40107610985882,
          135.17274380646091,
          182.97672771278746,
          203.16311519805427,
          222.74974023149613,
          230.90129688943944,
          263.5654336035039,
          296.35395994647604,
          304.4424238600751,
          319.24578856742437,
          326.9505999345251,
          340.0976343544786,
          356.2522423842397,
          369.41756815851227,
          378.01679469810165,
          382.48784874197634,
          416.32585443681285,
          424.5774738270189,
          459.772156980983,
          465.8841164922878,
          477.7422802406974,
          501.42672023070526,
          515.3175201095021,
          575.8839084713427,
          598.555006136205,
          623.9584488114007,
          689.7816246132456
        ],
        "latest": [
          35.97452902749209,
          61.116091528657364,
          85.3036110165198,
          99.49536649997623,
          125.51716763851618,
          136.28883533511828,
          184.09281924144483,
          204.27920672671164,
          223.8658317601535,
          232.0173884180968,
          264.68152513216125,
          297.4700514751334,
          305.5585153887325,
          320.36188009608173,
          328.06669146318245,
          341.21372588313596,
          357.36833391289707,
          370.53365968716963,
          379.132886226759,
          383.6039402706337,
          417.4419459654702,
          425.69356535567624,
          460.8882485096404,
          467.00020802094514,
          478.8583717693548,
          502.5428117593626,
          516.4336116381594,
          577.0,
          613.5965573248043,
          639.0,
          1000.0
        ],
        "profit": 515.0
      }
    ],
    "unvisited": [
      2,
      43,
      61,
      88,
      110,
      120,
      123,
      157,
      163,
      219,
      230,
      9,
      24,
      62,
      74,
      102,
      103,
      112,
      159,
      176,
      185,
      226,
      32,
      66,
      117,
      119,
      152,
      166,
      21,
      41,
      107,
      114,
      129,
      167,
      216,
      34,
      144,
      209,
      223,
      14,
      15,
      25,
      27,
      48,
      72,
      85,
      109,
      136,
      168,
      13,
      22,
      31,
      39,
      83,
      105,
      171,
      188,
      236,
      3,
      20,
      125,
      126,
      132,
      156,
      162,
      165,
      192,
      205,
      215,
      26,
      35,
      40,
      75,
      92,
      197,
      228,
      4,
      8,
      16,
      47,
      52,
      89,
      99,
      182,
      217,
      240,
      23,
      46,
      55,
      69,
      93,
      95,
      180,
      181,
      184,
      186,
      189,
      213,
      220,
      225,
      231,
      5,
      49,
      64,
      70,
      115,
      118,
      161,
      194,
      200,
      206,
      218,
      44,
      68,
      87,
      94,
      108,
      145,
      151,
      172,
      178,
      53,
      106,
      116,
      155,
      201,
      208,
      12,
      124,
      147,
      154,
      164,
      169,
      170,
      1,
      60,
      113,
      137,
      140,
      195,
      7,
      33,
      38,
      57,
      98,
      104,
      149,
      238,
      42,
      58,
      133,
      6,
      63,
      71,
      122,
      128,
      130,
      177,
      222,
      10,
      73,
      78,
      100,
      134,
      148,
      196,
      207,
      17,
      51,
      56,
      90,
      121,
      141,
      160,
      175,
      183,
      214,
      239,
      65,
      76,
      131,
      139,
      191,
      199,
      224,
      232,
      50,
      59,
      96,
      138,
      190,
      202,
      227,
      229,
      237,
      45,
      54,
      82,
      86,
      97,
      111,
      127,
      146,
      210,
      233,
      234,
      19,
      37,
      79,
      221,
      174
    ],
    "profit": 515.0,
    "distance": 689.7816246132456
  },
  "time_relocate_0": 0.0,
  "time_relocate_1": 0.0,
  "time_relocate_2": 0.0,
  "time_exchange_0": 0.0,
  "time_exchange_1": 0.0,
  "time_exchange_2": 0.0,
  "time_two_opt": 0.0,
  "time_two_opt_star": 0.0
}
