{
  "instname": "pr20.txt",
  "N": 289,
  "m": 1,
  "param": {
    "problemName": "toptw",
    "authorId": "654321",
    "authorName": "Qian",
    "algoName": "ILS",
    "randomSeed": 3,
    "timeLimit": 60,
    "testSetPrefix": "",
    "testSetExtension": ".txt",
    "pathData": "data/toptw",
    "pathResultSol": "/Users/naiquh/box.nju/Seafile/code/teaching/teaching_toptw_java/result/toptw/ILS",
    "pathResultCsv": "/Users/naiquh/box.nju/Seafile/code/teaching/teaching_toptw_java/result/toptw/result_ILS.csv"
  },
  "time": 0.674,
  "obj": 516.0,
  "sol": {
    "routeList": [
      {
        "rList": [
          0,
          44,
          7,
          105,
          101,
          242,
          155,
          72,
          42,
          232,
          205,
          126,
          108,
          179,
          100,
          277,
          129,
          143,
          260,
          77,
          184,
          263,
          123,
          50,
          138,
          207,
          0
        ],
        "earliest": [
          0.0,
          81.44693635736091,
          116.21995850603764,
          159.64979921236835,
          187.86012406366217,
          201.00912904349488,
          219.0626610665313,
          236.16813753096267,
          259.566170658896,
          275.423896118712,
          281.03345011015193,
          302.6903625075759,
          324.6575118637213,
          346.6446210403884,
          353.5036007535029,
          373.2374778462979,
          374.8749745129559,
          392.3407196938387,
          419.6305432957383,
          450.0141822995631,
          458.2005920095706,
          483.3315937469264,
          501.403690117372,
          539.1285449781424,
          573.3955680486637,
          616.0582558411589,
          671.3620298325395
        ],
        "latest": [
          2.3424881362786607,
          83.78942449363957,
          118.5624466423163,
          161.992287348647,
          190.20261219994083,
          203.35161717977354,
          221.40514920280995,
          238.51062566724133,
          261.9086587951747,
          277.76638425499067,
          283.3759382464306,
          305.0328506438546,
          327.0,
          349.01407774465014,
          355.8730574577646,
          375.60693455055963,
          377.2444312172176,
          394.71017639810043,
          422.0,
          453.61049218219114,
          461.7969018921986,
          486.9279036295544,
          505.0,
          546.0,
          587.0,
          646.0,
          1000.0
        ],
        "profit": 516.0
      }
    ],
    "unvisited": [
      51,
      73,
      74,
      94,
      173,
      195,
      206,
      228,
      243,
      245,
      285,
      288,
      11,
      63,
      85,
      96,
      114,
      158,
      172,
      194,
      234,
      249,
      267,
      4,
      56,
      67,
      69,
      71,
      86,
      110,
      111,
      177,
      181,
      188,
      35,
      60,
      89,
      115,
      162,
      183,
      185,
      219,
      2,
      9,
      34,
      120,
      128,
      178,
      180,
      191,
      210,
      220,
      271,
      54,
      75,
      116,
      141,
      46,
      102,
      161,
      231,
      258,
      281,
      14,
      25,
      32,
      49,
      136,
      142,
      146,
      160,
      168,
      170,
      198,
      208,
      213,
      279,
      28,
      29,
      38,
      109,
      119,
      125,
      140,
      150,
      166,
      196,
      221,
      255,
      278,
      8,
      23,
      39,
      92,
      97,
      182,
      225,
      27,
      59,
      117,
      149,
      187,
      217,
      227,
      229,
      273,
      275,
      276,
      280,
      18,
      36,
      41,
      57,
      62,
      144,
      152,
      209,
      244,
      265,
      270,
      272,
      16,
      17,
      64,
      112,
      133,
      159,
      163,
      171,
      233,
      236,
      246,
      247,
      262,
      284,
      81,
      87,
      91,
      118,
      151,
      200,
      239,
      251,
      22,
      26,
      53,
      135,
      192,
      248,
      287,
      1,
      5,
      19,
      45,
      104,
      121,
      127,
      137,
      147,
      164,
      186,
      197,
      261,
      283,
      6,
      55,
      65,
      76,
      99,
      103,
      282,
      3,
      40,
      70,
      83,
      93,
      131,
      132,
      222,
      58,
      80,
      98,
      134,
      139,
      154,
      176,
      189,
      230,
      259,
      24,
      47,
      95,
      130,
      204,
      237,
      15,
      82,
      107,
      148,
      157,
      216,
      218,
      226,
      250,
      253,
      269,
      13,
      37,
      48,
      61,
      78,
      122,
      165,
      201,
      211,
      214,
      215,
      223,
      224,
      235,
      238,
      240,
      241,
      252,
      256,
      10,
      20,
      33,
      66,
      90,
      124,
      153,
      264,
      274,
      12,
      68,
      88,
      106,
      113,
      145,
      167,
      169,
      174,
      175,
      193,
      199,
      266,
      30,
      31,
      43,
      79,
      84,
      190,
      202,
      203,
      212,
      257,
      286,
      156,
      21,
      268,
      52,
      254
    ],
    "profit": 516.0,
    "distance": 671.3620298325395
  },
  "time_relocate_0": 0.0,
  "time_relocate_1": 0.0,
  "time_relocate_2": 0.0,
  "time_exchange_0": 0.0,
  "time_exchange_1": 0.0,
  "time_exchange_2": 0.0,
  "time_two_opt": 0.0,
  "time_two_opt_star": 0.0
}
