{
  "instname": "pr03.txt",
  "N": 145,
  "m": 1,
  "param": {
    "problemName": "toptw",
    "authorId": "654321",
    "authorName": "Qian",
    "algoName": "ILS",
    "randomSeed": 3,
    "timeLimit": 60,
    "testSetPrefix": "",
    "testSetExtension": ".txt",
    "pathData": "data/toptw",
    "pathResultSol": "/Users/naiquh/box.nju/Seafile/code/teaching/teaching_toptw_java/result/toptw/ILS",
    "pathResultCsv": "/Users/naiquh/box.nju/Seafile/code/teaching/teaching_toptw_java/result/toptw/result_ILS.csv"
  },
  "time": 0.36,
  "obj": 367.0,
  "sol": {
    "routeList": [
      {
        "rList": [
          0,
          122,
          130,
          7,
          64,
          102,
          23,
          81,
          82,
          53,
          29,
          59,
          93,
          33,
          22,
          18,
          123,
          43,
          25,
          4,
          0
        ],
        "earliest": [
          0.0,
          34.184843337362246,
          109.21366865043453,
          160.80884120554927,
          201.4350032375148,
          227.4102030797703,
          256.5013885854247,
          270.5184855635204,
          324.74036794091364,
          339.1032176139566,
          357.6011305970214,
          375.8839504810868,
          411.4975516452391,
          443.6952279822277,
          480.29788508731554,
          493.56853816335155,
          506.1478635187782,
          525.2785570615595,
          567.869965096474,
          604.6393002581847,
          668.5688937052399
        ],
        "latest": [
          56.17585640445308,
          90.36069974181532,
          109.57436839224985,
          161.1695409473646,
          201.79570297933012,
          227.77090282158562,
          256.86208832724003,
          270.87918530533574,
          325.10106768272897,
          339.4639173557719,
          357.9618303388367,
          376.2446502229021,
          411.85825138705445,
          444.05592772404304,
          480.65858482913086,
          493.9292379051669,
          506.5085632605935,
          525.6392568033748,
          568.2306648382893,
          605.0,
          1000.0
        ],
        "profit": 367.0
      }
    ],
    "unvisited": [
      5,
      26,
      27,
      49,
      78,
      107,
      139,
      104,
      52,
      110,
      144,
      2,
      38,
      48,
      91,
      117,
      44,
      9,
      10,
      31,
      35,
      94,
      142,
      50,
      61,
      118,
      19,
      24,
      34,
      39,
      66,
      74,
      124,
      134,
      32,
      40,
      80,
      119,
      128,
      137,
      111,
      127,
      14,
      56,
      75,
      87,
      88,
      100,
      136,
      65,
      103,
      115,
      141,
      47,
      57,
      79,
      99,
      125,
      138,
      3,
      17,
      20,
      37,
      71,
      77,
      96,
      131,
      133,
      1,
      12,
      51,
      109,
      13,
      21,
      105,
      126,
      16,
      58,
      68,
      84,
      98,
      112,
      6,
      28,
      36,
      45,
      63,
      86,
      108,
      113,
      129,
      143,
      11,
      41,
      62,
      67,
      72,
      95,
      114,
      120,
      135,
      15,
      54,
      76,
      92,
      97,
      106,
      132,
      140,
      30,
      60,
      70,
      83,
      116,
      85,
      89,
      101,
      8,
      42,
      46,
      55,
      69,
      73,
      121,
      90
    ],
    "profit": 367.0,
    "distance": 668.5688937052399
  },
  "time_relocate_0": 0.0,
  "time_relocate_1": 0.0,
  "time_relocate_2": 0.0,
  "time_exchange_0": 0.0,
  "time_exchange_1": 0.0,
  "time_exchange_2": 0.0,
  "time_two_opt": 0.0,
  "time_two_opt_star": 0.0
}
