{
  "instname": "pr14.txt",
  "N": 193,
  "m": 2,
  "param": {
    "problemName": "toptw",
    "authorId": "654321",
    "authorName": "Qian",
    "algoName": "ILS",
    "randomSeed": 3,
    "timeLimit": 60,
    "testSetPrefix": "",
    "testSetExtension": ".txt",
    "pathData": "data/toptw",
    "pathResultSol": "/Users/naiquh/box.nju/Seafile/code/teaching/teaching_toptw_java/result/toptw/ILS",
    "pathResultCsv": "/Users/naiquh/box.nju/Seafile/code/teaching/teaching_toptw_java/result/toptw/result_ILS.csv"
  },
  "time": 0.548,
  "obj": 734.0,
  "sol": {
    "routeList": [
      {
        "rList": [
          0,
          65,
          148,
          154,
          135,
          106,
          186,
          91,
          77,
          168,
          101,
          51,
          23,
          17,
          44,
          8,
          175,
          144,
          37,
          185,
          104,
          192,
          0
        ],
        "earliest": [
          0.0,
          32.38171244699699,
          116.42465117776905,
          127.73329824819187,
          154.28969621137801,
          166.04140085287247,
          177.08306262758313,
          192.5439488500648,
          208.307468936624,
          235.27337757220144,
          259.4326217048568,
          278.75616036418785,
          315.4576296785115,
          358.08542464064936,
          364.8719796648813,
          375.3095041186226,
          399.44522591554295,
          429.57600097860586,
          456.64526926628594,
          487.70601014508946,
          552.9797724301833,
          616.907660061968,
          696.9748085188517
        ],
        "latest": [
          30.30878343438038,
          62.69049588137737,
          119.11514705914642,
          130.42379412956925,
          156.98019209275537,
          168.73189673424983,
          179.7735585089605,
          195.23444473144215,
          210.99796481800135,
          237.9638734535788,
          262.1231175862342,
          281.44665624556524,
          318.1481255598889,
          360.77592052202675,
          367.56247554625867,
          378.0,
          402.8692249369371,
          433.0,
          460.66549683610265,
          491.7262377149062,
          557.0,
          631.0,
          1000.0
        ],
        "profit": 372.0
      },
      {
        "rList": [
          0,
          115,
          28,
          124,
          96,
          114,
          26,
          56,
          42,
          177,
          9,
          117,
          60,
          95,
          155,
          152,
          180,
          16,
          188,
          66,
          0
        ],
        "earliest": [
          0.0,
          19.097369975994074,
          105.31493325822521,
          114.7905637242081,
          132.0472481608739,
          161.8136949749347,
          175.67261775208377,
          222.86422066861348,
          230.52381014135796,
          252.5014185619303,
          270.200037914654,
          298.4368636144027,
          347.48952415656885,
          358.9681838192005,
          386.49640722016727,
          420.832136097684,
          452.71247775243165,
          524.0023070606455,
          569.4495468212972,
          616.2343531321185,
          650.5774283788314
        ],
        "latest": [
          47.190152271574334,
          66.2875222475684,
          107.6024555057936,
          117.07808597177649,
          134.33477040844227,
          164.10121722250307,
          177.96013999965214,
          225.15174291618186,
          232.81133238892633,
          254.78894080949868,
          272.48756016222234,
          300.72438586197103,
          349.7770464041372,
          361.2557060667688,
          388.7839294677356,
          423.11965834525233,
          455.0,
          530.5527602393483,
          576.0,
          629.0,
          1000.0
        ],
        "profit": 362.0
      }
    ],
    "unvisited": [
      137,
      36,
      85,
      90,
      97,
      3,
      107,
      120,
      47,
      89,
      113,
      121,
      191,
      20,
      61,
      67,
      110,
      127,
      179,
      12,
      30,
      146,
      25,
      32,
      39,
      62,
      109,
      133,
      174,
      189,
      190,
      58,
      80,
      31,
      38,
      57,
      81,
      118,
      142,
      161,
      4,
      5,
      53,
      98,
      151,
      157,
      52,
      76,
      99,
      132,
      139,
      153,
      158,
      178,
      10,
      79,
      108,
      123,
      138,
      22,
      35,
      86,
      165,
      18,
      33,
      71,
      72,
      140,
      147,
      149,
      1,
      2,
      14,
      141,
      159,
      160,
      172,
      13,
      21,
      63,
      119,
      128,
      129,
      169,
      187,
      19,
      24,
      49,
      54,
      84,
      92,
      102,
      131,
      150,
      163,
      171,
      50,
      75,
      93,
      94,
      145,
      29,
      78,
      100,
      116,
      134,
      11,
      48,
      69,
      83,
      105,
      111,
      183,
      184,
      46,
      73,
      74,
      82,
      87,
      130,
      27,
      40,
      88,
      143,
      170,
      176,
      181,
      45,
      122,
      162,
      173,
      182,
      6,
      15,
      34,
      43,
      59,
      64,
      68,
      70,
      125,
      126,
      136,
      156,
      167,
      7,
      55,
      112,
      164,
      166,
      103,
      41
    ],
    "profit": 734.0,
    "distance": 1347.552236897683
  },
  "time_relocate_0": 0.0,
  "time_relocate_1": 0.0,
  "time_relocate_2": 0.026000000000000016,
  "time_exchange_0": 0.0,
  "time_exchange_1": 0.0,
  "time_exchange_2": 0.0,
  "time_two_opt": 0.0,
  "time_two_opt_star": 0.059000000000000045
}
