{
  "instname": "pr10.txt",
  "N": 289,
  "m": 1,
  "param": {
    "problemName": "toptw",
    "authorId": "654321",
    "authorName": "Qian",
    "algoName": "ILS",
    "randomSeed": 3,
    "timeLimit": 60,
    "testSetPrefix": "",
    "testSetExtension": ".txt",
    "pathData": "data/toptw",
    "pathResultSol": "/Users/naiquh/box.nju/Seafile/code/teaching/teaching_toptw_java/result/toptw/ILS",
    "pathResultCsv": "/Users/naiquh/box.nju/Seafile/code/teaching/teaching_toptw_java/result/toptw/result_ILS.csv"
  },
  "time": 0.377,
  "obj": 472.0,
  "sol": {
    "routeList": [
      {
        "rList": [
          0,
          261,
          143,
          166,
          108,
          206,
          64,
          50,
          138,
          263,
          98,
          160,
          123,
          65,
          77,
          260,
          9,
          112,
          179,
          126,
          86,
          288,
          83,
          54,
          51,
          69,
          0
        ],
        "earliest": [
          0.0,
          41.4239145542765,
          74.85098948323675,
          98.2718121745428,
          122.76457244233595,
          168.90909951927395,
          193.05861580594149,
          196.88647384200445,
          231.15349691252575,
          264.98568385053005,
          272.92336144227295,
          287.38906180106403,
          307.1358188322752,
          331.0063228167002,
          336.2410480734318,
          358.62468707725657,
          378.8620087209978,
          393.80165972086803,
          412.2362071593557,
          434.76179276413484,
          449.83658674665713,
          490.98286665139386,
          511.6495568670312,
          542.4998980542987,
          579.4622603126404,
          601.2228389422701,
          639.7898172493865
        ],
        "latest": [
          33.742229311092935,
          75.16614386536943,
          85.01713334860618,
          100.28894552314898,
          124.78170579094211,
          170.92623286788012,
          195.07574915454768,
          198.90360719061064,
          233.17063026113195,
          267.00281719913625,
          274.94049479087914,
          289.4061951496702,
          309.1529521808814,
          333.0234561653064,
          338.258181422038,
          360.64182042586276,
          380.879142069604,
          395.8187930694742,
          414.25334050796187,
          436.778926112741,
          451.85372009526327,
          493.0,
          519.4267179247611,
          550.2770591120286,
          587.2394213703703,
          609.0,
          1000.0
        ],
        "profit": 472.0
      }
    ],
    "unvisited": [
      73,
      74,
      94,
      173,
      195,
      228,
      242,
      243,
      245,
      285,
      11,
      63,
      85,
      96,
      101,
      114,
      158,
      172,
      194,
      234,
      249,
      254,
      267,
      4,
      42,
      56,
      67,
      71,
      100,
      105,
      110,
      111,
      177,
      181,
      188,
      35,
      60,
      89,
      115,
      162,
      183,
      185,
      205,
      219,
      2,
      7,
      34,
      44,
      120,
      128,
      129,
      155,
      178,
      180,
      207,
      210,
      220,
      271,
      277,
      75,
      116,
      141,
      46,
      102,
      161,
      231,
      258,
      281,
      25,
      32,
      49,
      136,
      142,
      146,
      168,
      170,
      198,
      208,
      213,
      279,
      28,
      29,
      38,
      52,
      109,
      119,
      125,
      140,
      150,
      196,
      221,
      255,
      278,
      8,
      23,
      39,
      92,
      97,
      182,
      225,
      27,
      59,
      117,
      149,
      187,
      217,
      227,
      229,
      273,
      275,
      276,
      280,
      18,
      36,
      41,
      57,
      144,
      152,
      209,
      244,
      265,
      270,
      272,
      16,
      17,
      72,
      133,
      159,
      163,
      171,
      233,
      236,
      247,
      262,
      284,
      81,
      87,
      91,
      118,
      151,
      200,
      239,
      251,
      22,
      26,
      53,
      135,
      184,
      192,
      232,
      248,
      268,
      287,
      1,
      5,
      19,
      45,
      104,
      121,
      127,
      137,
      147,
      164,
      186,
      197,
      283,
      6,
      55,
      76,
      99,
      103,
      282,
      3,
      40,
      70,
      93,
      131,
      132,
      222,
      58,
      80,
      134,
      139,
      154,
      156,
      176,
      189,
      230,
      259,
      24,
      47,
      95,
      130,
      204,
      237,
      15,
      82,
      107,
      148,
      157,
      216,
      218,
      226,
      250,
      253,
      269,
      13,
      37,
      48,
      61,
      78,
      122,
      165,
      201,
      211,
      214,
      215,
      223,
      224,
      235,
      238,
      240,
      241,
      252,
      256,
      10,
      20,
      33,
      66,
      90,
      124,
      153,
      264,
      274,
      12,
      68,
      88,
      106,
      113,
      145,
      167,
      169,
      174,
      175,
      193,
      199,
      266,
      21,
      30,
      31,
      43,
      79,
      84,
      190,
      202,
      203,
      212,
      257,
      286,
      246,
      191,
      62,
      14
    ],
    "profit": 472.0,
    "distance": 639.7898172493865
  },
  "time_relocate_0": 0.0,
  "time_relocate_1": 0.0,
  "time_relocate_2": 0.0,
  "time_exchange_0": 0.0,
  "time_exchange_1": 0.0,
  "time_exchange_2": 0.0,
  "time_two_opt": 0.0,
  "time_two_opt_star": 0.0
}
