{
  "instname": "pr04.txt",
  "N": 193,
  "m": 2,
  "param": {
    "problemName": "toptw",
    "authorId": "654321",
    "authorName": "Qian",
    "algoName": "ILS",
    "randomSeed": 3,
    "timeLimit": 60,
    "testSetPrefix": "",
    "testSetExtension": ".txt",
    "pathData": "data/toptw",
    "pathResultSol": "/Users/naiquh/box.nju/Seafile/code/teaching/teaching_toptw_java/result/toptw/ILS",
    "pathResultCsv": "/Users/naiquh/box.nju/Seafile/code/teaching/teaching_toptw_java/result/toptw/result_ILS.csv"
  },
  "time": 0.447,
  "obj": 763.0,
  "sol": {
    "routeList": [
      {
        "rList": [
          0,
          71,
          91,
          10,
          63,
          124,
          175,
          41,
          185,
          44,
          100,
          90,
          18,
          161,
          189,
          9,
          177,
          121,
          67,
          61,
          26,
          191,
          152,
          0
        ],
        "earliest": [
          0.0,
          31.73538356472157,
          118.9143014040774,
          137.37826780988675,
          185.9607289611343,
          197.66372938639475,
          209.46520723414812,
          239.16844018549332,
          266.5736964455947,
          276.12403445501775,
          292.2819171494333,
          329.87885956203394,
          356.135496988343,
          378.94391872387956,
          406.83552258065396,
          436.27920940425867,
          440.9778287569823,
          464.66309763713963,
          485.8381132276525,
          511.3888435553075,
          540.7027688263126,
          571.2509557628902,
          643.029506271802,
          685.242470808117
        ],
        "latest": [
          33.38575687324452,
          65.12114043796609,
          119.0354418420435,
          137.49940824785284,
          186.08186939910038,
          197.78486982436084,
          209.58634767211421,
          239.28958062345941,
          266.69483688356075,
          276.2451748929838,
          292.40305758739936,
          330.0,
          358.7466534330355,
          381.55507516857205,
          409.44667902534644,
          438.89036584895115,
          443.5889852016748,
          467.2742540818321,
          488.449269672345,
          514.0,
          544.6732625545106,
          575.2214494910882,
          647.0,
          1000.0
        ],
        "profit": 399.0
      },
      {
        "rList": [
          0,
          110,
          79,
          25,
          108,
          73,
          137,
          3,
          38,
          16,
          190,
          106,
          66,
          22,
          168,
          36,
          93,
          186,
          155,
          60,
          128,
          0
        ],
        "earliest": [
          0.0,
          51.64008049954996,
          109.6760295487896,
          145.98376428893573,
          172.92499182883242,
          192.48668946699647,
          224.5403528588232,
          248.98820813420818,
          264.038177637256,
          292.28330669691064,
          325.16056521341784,
          352.77518059834097,
          359.72235419101315,
          397.06018499438346,
          419.23541167557863,
          434.644640396224,
          468.74048696783314,
          492.3761449968385,
          539.7005827198369,
          575.1155524227502,
          640.5809922778398,
          696.3805728466077
        ],
        "latest": [
          18.69568181745226,
          70.33576231700222,
          112.01179186579182,
          145.99555615472755,
          172.93678369462424,
          192.4984813327883,
          224.55214472461503,
          249.0,
          267.393537241032,
          295.6386663006866,
          328.5159248171938,
          356.13054020211695,
          363.07771379478913,
          400.41554459815944,
          422.5907712793546,
          438.0,
          474.03990424799616,
          497.6755622770015,
          545.0,
          584.0,
          655.0,
          1000.0
        ],
        "profit": 364.0
      }
    ],
    "unvisited": [
      8,
      23,
      95,
      117,
      180,
      188,
      51,
      85,
      97,
      144,
      107,
      120,
      37,
      42,
      47,
      89,
      113,
      20,
      65,
      127,
      179,
      12,
      30,
      104,
      146,
      32,
      39,
      62,
      109,
      133,
      174,
      56,
      58,
      80,
      31,
      57,
      81,
      101,
      118,
      142,
      4,
      5,
      53,
      98,
      151,
      157,
      52,
      76,
      99,
      132,
      139,
      158,
      178,
      103,
      115,
      123,
      138,
      35,
      86,
      165,
      33,
      72,
      140,
      147,
      149,
      1,
      2,
      14,
      141,
      159,
      160,
      172,
      13,
      21,
      119,
      129,
      148,
      154,
      169,
      187,
      19,
      24,
      54,
      84,
      92,
      102,
      131,
      150,
      163,
      171,
      50,
      75,
      77,
      94,
      145,
      29,
      78,
      96,
      114,
      116,
      134,
      11,
      48,
      69,
      83,
      105,
      111,
      183,
      184,
      46,
      74,
      82,
      87,
      130,
      192,
      27,
      40,
      88,
      143,
      170,
      176,
      181,
      45,
      122,
      162,
      173,
      182,
      6,
      15,
      17,
      34,
      43,
      59,
      64,
      68,
      70,
      125,
      126,
      136,
      156,
      167,
      7,
      55,
      112,
      164,
      166,
      135,
      153,
      28,
      49
    ],
    "profit": 763.0,
    "distance": 1381.6230436547248
  },
  "time_relocate_0": 0.0,
  "time_relocate_1": 0.0,
  "time_relocate_2": 0.01900000000000001,
  "time_exchange_0": 0.0,
  "time_exchange_1": 0.0,
  "time_exchange_2": 0.0,
  "time_two_opt": 0.0,
  "time_two_opt_star": 0.037000000000000026
}
