{
  "instname": "pr18.txt",
  "N": 145,
  "m": 1,
  "param": {
    "problemName": "toptw",
    "authorId": "654321",
    "authorName": "Qian",
    "algoName": "ILS",
    "randomSeed": 3,
    "timeLimit": 60,
    "testSetPrefix": "",
    "testSetExtension": ".txt",
    "pathData": "data/toptw",
    "pathResultSol": "/Users/naiquh/box.nju/Seafile/code/teaching/teaching_toptw_java/result/toptw/ILS",
    "pathResultCsv": "/Users/naiquh/box.nju/Seafile/code/teaching/teaching_toptw_java/result/toptw/result_ILS.csv"
  },
  "time": 0.27,
  "obj": 431.0,
  "sol": {
    "routeList": [
      {
        "rList": [
          0,
          54,
          17,
          75,
          114,
          129,
          106,
          59,
          125,
          77,
          68,
          108,
          135,
          33,
          24,
          56,
          92,
          2,
          48,
          100,
          138,
          112,
          14,
          62,
          0
        ],
        "earliest": [
          0.0,
          42.635252362335095,
          94.89921267286724,
          112.82130043116693,
          145.2995034540333,
          170.7249993673992,
          188.41178733974684,
          236.54319064537214,
          259.1281338416135,
          269.32823867797265,
          294.3574050733431,
          302.644929936596,
          342.0053708944927,
          357.2251761124224,
          387.65724612567624,
          406.35893083923895,
          438.6700782593264,
          463.03209125011057,
          469.5443287136087,
          492.826212175778,
          521.0919981717024,
          548.2478809900696,
          555.4338993515986,
          600.3959570679134,
          719.4260007554228
        ],
        "latest": [
          23.236613796051415,
          65.87186615838651,
          97.77107883125375,
          115.69316658955344,
          148.1713696124198,
          173.5968655257857,
          191.28365349813333,
          239.41505680375866,
          262.0,
          276.6040429320866,
          295.9614480054297,
          304.2489728686826,
          343.6094138265793,
          358.829219044509,
          389.26128905776284,
          407.96297377132555,
          440.274121191413,
          464.63613418219717,
          471.1483716456953,
          494.4302551078646,
          522.696041103789,
          549.8519239221562,
          557.0379422836852,
          602.0,
          1000.0
        ],
        "profit": 431.0
      }
    ],
    "unvisited": [
      63,
      87,
      109,
      8,
      19,
      34,
      51,
      70,
      118,
      93,
      116,
      136,
      28,
      55,
      131,
      141,
      30,
      41,
      83,
      144,
      1,
      36,
      37,
      60,
      123,
      124,
      6,
      20,
      32,
      71,
      98,
      50,
      58,
      61,
      127,
      23,
      39,
      89,
      119,
      43,
      64,
      107,
      115,
      9,
      57,
      67,
      85,
      140,
      22,
      44,
      65,
      84,
      88,
      113,
      133,
      143,
      7,
      10,
      21,
      73,
      76,
      102,
      117,
      27,
      47,
      49,
      78,
      99,
      121,
      130,
      80,
      105,
      132,
      11,
      16,
      74,
      81,
      110,
      126,
      128,
      18,
      26,
      82,
      96,
      97,
      134,
      3,
      31,
      90,
      101,
      120,
      137,
      139,
      142,
      4,
      45,
      69,
      86,
      104,
      122,
      38,
      12,
      40,
      91,
      94,
      95,
      42,
      52,
      53,
      103,
      15,
      29,
      35,
      79,
      111,
      5,
      25,
      66,
      13,
      72,
      46
    ],
    "profit": 431.0,
    "distance": 719.4260007554228
  },
  "time_relocate_0": 0.0,
  "time_relocate_1": 0.0,
  "time_relocate_2": 0.001,
  "time_exchange_0": 0.0,
  "time_exchange_1": 0.0,
  "time_exchange_2": 0.0,
  "time_two_opt": 0.0,
  "time_two_opt_star": 0.001
}
