{
  "instname": "pr19.txt",
  "N": 217,
  "m": 2,
  "param": {
    "problemName": "toptw",
    "authorId": "654321",
    "authorName": "Qian",
    "algoName": "ILS",
    "randomSeed": 3,
    "timeLimit": 60,
    "testSetPrefix": "",
    "testSetExtension": ".txt",
    "pathData": "data/toptw",
    "pathResultSol": "/Users/naiquh/box.nju/Seafile/code/teaching/teaching_toptw_java/result/toptw/ILS",
    "pathResultCsv": "/Users/naiquh/box.nju/Seafile/code/teaching/teaching_toptw_java/result/toptw/result_ILS.csv"
  },
  "time": 1.018,
  "obj": 754.0,
  "sol": {
    "routeList": [
      {
        "rList": [
          0,
          51,
          170,
          109,
          156,
          50,
          212,
          136,
          138,
          175,
          116,
          96,
          160,
          195,
          208,
          49,
          8,
          74,
          21,
          182,
          93,
          0
        ],
        "earliest": [
          0.0,
          70.44335077209203,
          91.88605706294344,
          102.08390368537157,
          123.19081322289342,
          165.0834765027461,
          219.248747836904,
          241.39706423809184,
          258.0391179533327,
          279.52873480758376,
          316.71401770880783,
          351.5599407158136,
          377.76596642956974,
          393.9881060945282,
          414.25540246657204,
          446.65602985149457,
          477.3263577553892,
          511.2876190953104,
          545.077920314955,
          585.3494989917536,
          639.9282096195124,
          771.3361408138398
        ],
        "latest": [
          8.842631519100124,
          79.28598229119216,
          92.17203935413559,
          102.36988597656372,
          123.47679551408558,
          165.36945879393824,
          219.53473012809613,
          241.68304652928398,
          258.3251002445249,
          279.81471709877593,
          317.0,
          353.2723216205032,
          379.47834733425935,
          395.7004869992178,
          415.96778337126165,
          448.3684107561842,
          479.0387386600788,
          513.0,
          548.1497106954426,
          588.4212893722413,
          643.0,
          1000.0
        ],
        "profit": 392.0
      },
      {
        "rList": [
          0,
          117,
          78,
          214,
          167,
          140,
          180,
          192,
          210,
          213,
          66,
          112,
          28,
          198,
          115,
          152,
          68,
          135,
          177,
          149,
          105,
          23,
          0
        ],
        "earliest": [
          0.0,
          49.798886734544574,
          88.82168712594735,
          124.40970787843789,
          167.58405106026385,
          200.76401189896026,
          239.5016579732574,
          302.58096827171437,
          329.39964527086335,
          376.7397566392029,
          391.95892350008904,
          396.5861853827342,
          414.308432319734,
          439.3029417333478,
          454.26137373725936,
          462.57327157571416,
          490.88220469591533,
          525.1896315031072,
          537.6603681598485,
          555.5477804094644,
          609.3755798254455,
          618.2685687892589,
          646.9690632536715
        ],
        "latest": [
          17.46135662625253,
          67.2602433607971,
          89.08193048674445,
          124.66995123923499,
          167.84429442106097,
          201.02425525975738,
          239.76190133405453,
          302.8412116325115,
          329.65988863166046,
          377.0,
          395.76929199698185,
          400.396553879627,
          418.1188008166268,
          443.1133102302406,
          458.07174223415217,
          466.38364007260697,
          494.69257319280814,
          529.0,
          544.2847883344031,
          562.1722005840189,
          616.0,
          649.0,
          1000.0
        ],
        "profit": 362.0
      }
    ],
    "unvisited": [
      126,
      24,
      39,
      72,
      173,
      196,
      29,
      73,
      75,
      107,
      129,
      137,
      118,
      19,
      77,
      103,
      127,
      184,
      87,
      91,
      97,
      163,
      202,
      15,
      27,
      88,
      89,
      90,
      106,
      157,
      165,
      166,
      194,
      37,
      94,
      98,
      141,
      186,
      10,
      14,
      57,
      64,
      164,
      193,
      204,
      205,
      2,
      32,
      108,
      206,
      215,
      4,
      53,
      85,
      102,
      143,
      9,
      58,
      59,
      113,
      120,
      6,
      16,
      20,
      34,
      45,
      67,
      69,
      122,
      128,
      158,
      176,
      201,
      5,
      48,
      61,
      121,
      139,
      151,
      12,
      25,
      35,
      54,
      63,
      83,
      114,
      119,
      123,
      144,
      47,
      76,
      84,
      159,
      179,
      191,
      200,
      211,
      36,
      79,
      86,
      124,
      133,
      171,
      207,
      3,
      7,
      11,
      13,
      18,
      99,
      130,
      132,
      145,
      190,
      38,
      55,
      60,
      131,
      185,
      199,
      26,
      82,
      104,
      125,
      147,
      197,
      31,
      40,
      42,
      43,
      52,
      62,
      142,
      154,
      22,
      30,
      70,
      162,
      168,
      178,
      1,
      44,
      56,
      65,
      71,
      81,
      100,
      183,
      187,
      17,
      33,
      41,
      46,
      95,
      101,
      134,
      146,
      153,
      189,
      92,
      111,
      150,
      155,
      169,
      174,
      181,
      188,
      203,
      209,
      216,
      161,
      172,
      110,
      80,
      148
    ],
    "profit": 754.0,
    "distance": 1418.3052040675113
  },
  "time_relocate_0": 0.0,
  "time_relocate_1": 0.0,
  "time_relocate_2": 0.03000000000000002,
  "time_exchange_0": 0.0,
  "time_exchange_1": 0.0,
  "time_exchange_2": 0.0,
  "time_two_opt": 0.0,
  "time_two_opt_star": 0.08600000000000006
}
