{
  "instname": "pr01.txt",
  "N": 49,
  "m": 4,
  "param": {
    "problemName": "toptw",
    "authorId": "654321",
    "authorName": "Qian",
    "algoName": "ILS",
    "randomSeed": 3,
    "timeLimit": 60,
    "testSetPrefix": "",
    "testSetExtension": ".txt",
    "pathData": "data/toptw",
    "pathResultSol": "/Users/naiquh/box.nju/Seafile/code/teaching/teaching_toptw_java/result/toptw/ILS",
    "pathResultCsv": "/Users/naiquh/box.nju/Seafile/code/teaching/teaching_toptw_java/result/toptw/result_ILS.csv"
  },
  "time": 0.153,
  "obj": 640.0,
  "sol": {
    "routeList": [
      {
        "rList": [
          0,
          9,
          15,
          30,
          24,
          12,
          38,
          47,
          21,
          32,
          2,
          36,
          26,
          18,
          16,
          8,
          4,
          0
        ],
        "earliest": [
          0.0,
          22.46005149148149,
          127.55056119140129,
          167.49587066039595,
          198.93692254690563,
          216.40626923855143,
          235.09357353850547,
          269.91515663108805,
          291.6284940291143,
          354.0176317800032,
          375.0877568418956,
          406.5278868742829,
          442.7730939071316,
          460.8756019415963,
          507.31661191265164,
          560.7521304780685,
          618.1814253903597,
          691.5938429592259
        ],
        "latest": [
          59.73002908904455,
          82.19008058052604,
          137.74064177192733,
          177.68595124092198,
          209.12700312743166,
          226.59634981907746,
          245.2836541190315,
          280.1052372116141,
          301.81857460964034,
          357.83620638964356,
          378.90633145153595,
          410.34646148392324,
          446.59166851677196,
          464.69417655123664,
          511.135186522292,
          564.5707050877088,
          622.0,
          1000.0
        ],
        "profit": 223.0
      },
      {
        "rList": [
          0,
          48,
          10,
          37,
          27,
          45,
          6,
          11,
          42,
          34,
          35,
          31,
          44,
          22,
          0
        ],
        "earliest": [
          0.0,
          58.05985575249046,
          139.6472582856593,
          176.92375345960733,
          239.75682389962589,
          311.1387759705002,
          339.9445672952618,
          401.42500360725694,
          439.48061144209083,
          499.0089753332456,
          520.0734722050299,
          545.8721114515517,
          562.0464999870346,
          605.7179198381062,
          664.1124778520157
        ],
        "latest": [
          97.87357492885634,
          155.9334306813468,
          197.5806889670061,
          217.50444242661342,
          280.337512866632,
          333.4762888371322,
          362.28208016189376,
          402.7070837691507,
          440.7626916039846,
          500.29105549513935,
          521.3555523669237,
          547.1541916134455,
          563.3285801489284,
          607.0,
          1000.0
        ],
        "profit": 184.0
      },
      {
        "rList": [
          0,
          5,
          14,
          20,
          29,
          33,
          1,
          28,
          41,
          7,
          46,
          0
        ],
        "earliest": [
          0.0,
          74.7054470370133,
          203.88980435332763,
          252.32100615036254,
          321.5272653405731,
          356.14267225085723,
          414.92831064694633,
          428.10160738515214,
          461.7897741897638,
          488.1517746787016,
          572.5381999448151,
          668.6766874208846
        ],
        "latest": [
          127.40474860965907,
          202.11019564667237,
          251.0,
          302.21022581023624,
          330.7374911508093,
          365.35289806109347,
          424.1385364571825,
          437.3118331953883,
          471.0,
          512.6135747338865,
          597.0,
          1000.0
        ],
        "profit": 137.0
      },
      {
        "rList": [
          0,
          40,
          25,
          23,
          39,
          43,
          3,
          0
        ],
        "earliest": [
          0.0,
          71.90626668795981,
          338.8117274927434,
          377.20995268727336,
          433.5969022433986,
          470.05068693807283,
          569.4219208026635,
          654.183539006721
        ],
        "latest": [
          236.86008501663332,
          308.76635170459315,
          363.57807919733654,
          380.7880318846099,
          437.1749814407351,
          473.62876613540936,
          573.0,
          1000.0
        ],
        "profit": 96.0
      }
    ],
    "unvisited": [
      13,
      17,
      19
    ],
    "profit": 640.0,
    "distance": 2678.5665472388473
  },
  "time_relocate_0": 0.0,
  "time_relocate_1": 0.0,
  "time_relocate_2": 0.04400000000000003,
  "time_exchange_0": 0.0,
  "time_exchange_1": 0.0,
  "time_exchange_2": 0.0,
  "time_two_opt": 0.0,
  "time_two_opt_star": 0.06900000000000005
}
