{
  "instname": "pr18.txt",
  "N": 145,
  "m": 2,
  "param": {
    "problemName": "toptw",
    "authorId": "654321",
    "authorName": "Qian",
    "algoName": "ILS",
    "randomSeed": 3,
    "timeLimit": 60,
    "testSetPrefix": "",
    "testSetExtension": ".txt",
    "pathData": "data/toptw",
    "pathResultSol": "/Users/naiquh/box.nju/Seafile/code/teaching/teaching_toptw_java/result/toptw/ILS",
    "pathResultCsv": "/Users/naiquh/box.nju/Seafile/code/teaching/teaching_toptw_java/result/toptw/result_ILS.csv"
  },
  "time": 0.587,
  "obj": 737.0,
  "sol": {
    "routeList": [
      {
        "rList": [
          0,
          54,
          68,
          125,
          24,
          17,
          59,
          72,
          55,
          92,
          41,
          1,
          33,
          46,
          135,
          56,
          136,
          48,
          100,
          138,
          14,
          112,
          107,
          0
        ],
        "earliest": [
          0.0,
          42.635252362335095,
          108.96506502275537,
          123.3070144951509,
          139.37681456018163,
          180.10741625941515,
          213.15620448458984,
          227.17345300679355,
          259.6324768051945,
          286.71251816086266,
          298.14754905641354,
          317.9998511174351,
          346.4668763989449,
          372.40853939206585,
          385.13157537543935,
          390.86186289786974,
          422.4537646574632,
          471.6087250514685,
          494.8906085136378,
          523.1563945095622,
          552.8141737939783,
          577.0001921555073,
          594.5671299087367,
          707.9130598731915
        ],
        "latest": [
          26.034900121309178,
          68.67015248364427,
          114.63521750639964,
          128.97716697879517,
          145.0469670438259,
          185.77756874305942,
          218.8263569682341,
          232.84360549043782,
          263.4760822956323,
          290.5561236513005,
          301.99115454685136,
          321.84345660787295,
          350.31048188938274,
          376.25214488250367,
          388.9751808658772,
          394.70546838830757,
          426.297370147901,
          475.45233054190635,
          498.7342140040756,
          527.0,
          557.813981638471,
          582.0,
          600.0,
          1000.0
        ],
        "profit": 419.0
      },
      {
        "rList": [
          0,
          118,
          51,
          113,
          128,
          109,
          129,
          114,
          140,
          106,
          63,
          34,
          133,
          74,
          77,
          108,
          144,
          137,
          0
        ],
        "earliest": [
          0.0,
          78.28895991773042,
          115.08307282171873,
          155.2933272728153,
          169.42232809728554,
          208.44722986989393,
          232.55179777578078,
          252.97729368914668,
          285.53896266653453,
          296.8857835738184,
          335.09287182288574,
          357.1317808269495,
          384.42941918870383,
          397.3620120182899,
          448.6038953491533,
          468.2440774783126,
          528.0249410542596,
          590.6147136326164,
          696.4507309141054
        ],
        "latest": [
          6.385286367383614,
          84.67424628511404,
          121.46835918910233,
          161.6786136401989,
          175.80761446466914,
          214.83251623727756,
          238.9370841431644,
          259.3625800565303,
          291.92424903391816,
          303.27106994120203,
          341.47815819026937,
          363.51706719433315,
          390.81470555608746,
          403.7472983856735,
          454.98918171653685,
          474.62936384569616,
          534.4102274216432,
          597.0,
          1000.0
        ],
        "profit": 318.0
      }
    ],
    "unvisited": [
      8,
      19,
      70,
      93,
      116,
      28,
      131,
      141,
      30,
      83,
      36,
      37,
      60,
      123,
      124,
      6,
      20,
      32,
      71,
      98,
      50,
      58,
      23,
      39,
      89,
      119,
      43,
      64,
      115,
      9,
      57,
      67,
      85,
      22,
      44,
      65,
      84,
      88,
      143,
      7,
      10,
      21,
      73,
      76,
      102,
      117,
      13,
      27,
      47,
      49,
      75,
      78,
      99,
      121,
      130,
      80,
      105,
      132,
      2,
      11,
      16,
      81,
      110,
      126,
      18,
      26,
      82,
      96,
      97,
      134,
      3,
      31,
      90,
      101,
      120,
      139,
      142,
      4,
      69,
      86,
      104,
      122,
      38,
      12,
      40,
      91,
      94,
      95,
      42,
      52,
      53,
      103,
      15,
      29,
      35,
      79,
      111,
      5,
      25,
      66,
      45,
      62,
      87,
      61,
      127
    ],
    "profit": 737.0,
    "distance": 1404.363790787297
  },
  "time_relocate_0": 0.0,
  "time_relocate_1": 0.0,
  "time_relocate_2": 0.037000000000000026,
  "time_exchange_0": 0.0,
  "time_exchange_1": 0.0,
  "time_exchange_2": 0.0,
  "time_two_opt": 0.0,
  "time_two_opt_star": 0.08100000000000006
}
