{
  "instname": "pr12.txt",
  "N": 97,
  "m": 2,
  "param": {
    "problemName": "toptw",
    "authorId": "654321",
    "authorName": "Qian",
    "algoName": "ILS",
    "randomSeed": 3,
    "timeLimit": 60,
    "testSetPrefix": "",
    "testSetExtension": ".txt",
    "pathData": "data/toptw",
    "pathResultSol": "/Users/naiquh/box.nju/Seafile/code/teaching/teaching_toptw_java/result/toptw/ILS",
    "pathResultCsv": "/Users/naiquh/box.nju/Seafile/code/teaching/teaching_toptw_java/result/toptw/result_ILS.csv"
  },
  "time": 0.31,
  "obj": 611.0,
  "sol": {
    "routeList": [
      {
        "rList": [
          0,
          94,
          60,
          87,
          78,
          88,
          9,
          32,
          65,
          95,
          54,
          11,
          26,
          91,
          15,
          10,
          24,
          80,
          16,
          64,
          25,
          0
        ],
        "earliest": [
          0.0,
          33.901443273111546,
          103.06830199612679,
          118.70006365383072,
          161.9238691016509,
          171.02163532241067,
          219.95431231523855,
          256.40619820801385,
          272.1513984696821,
          290.94803406700623,
          320.84366259408074,
          333.84243900050694,
          346.9569648646594,
          357.73330642925015,
          387.08337346275187,
          455.4618866695905,
          477.09596692895246,
          482.63725989266834,
          570.9522508847808,
          581.6871258362182,
          648.3915207181977,
          677.2632188696839
        ],
        "latest": [
          37.70703600869086,
          71.6084792818024,
          103.67678127792918,
          119.30854293563311,
          162.53234838345327,
          171.63011460421305,
          220.56279159704093,
          257.0146774898162,
          272.75987775148445,
          291.5565133488086,
          321.4521418758831,
          334.4509182823093,
          347.5654441464618,
          358.3417857110525,
          387.69185274455424,
          456.07036595139283,
          477.7044462107548,
          483.24573917447066,
          571.5607301665831,
          582.2956051180205,
          649.0,
          1000.0
        ],
        "profit": 349.0
      },
      {
        "rList": [
          0,
          46,
          85,
          19,
          93,
          92,
          55,
          44,
          81,
          52,
          61,
          31,
          57,
          72,
          33,
          47,
          89,
          0
        ],
        "earliest": [
          0.0,
          45.85479386062051,
          97.59974215312022,
          188.38425990239284,
          206.76062986035362,
          219.04441348997005,
          258.0501270010885,
          280.2545539518669,
          321.8237539621121,
          358.82672572224305,
          387.04229702364427,
          406.99711604486794,
          464.25524595320763,
          491.9919317860864,
          537.9476380495365,
          560.5616849952423,
          611.2705593353761,
          665.0161270972503
        ],
        "latest": [
          18.148090094511552,
          64.00288395513206,
          100.6026261082523,
          191.3871438575249,
          209.76351381548568,
          222.04729744510212,
          261.0530109562206,
          283.257437906999,
          324.82663791724417,
          361.8296096773751,
          390.04518097877633,
          410.0,
          469.9846866178315,
          497.7213724507103,
          543.6770787141604,
          566.2911256598662,
          617.0,
          1000.0
        ],
        "profit": 262.0
      }
    ],
    "unvisited": [
      22,
      41,
      49,
      50,
      6,
      69,
      17,
      71,
      20,
      58,
      45,
      4,
      5,
      42,
      51,
      63,
      75,
      2,
      38,
      34,
      37,
      79,
      48,
      70,
      96,
      13,
      27,
      62,
      23,
      53,
      86,
      39,
      68,
      14,
      36,
      66,
      74,
      76,
      90,
      1,
      8,
      30,
      43,
      56,
      77,
      3,
      12,
      28,
      73,
      83,
      18,
      84,
      40,
      59,
      67,
      82,
      35,
      7,
      29,
      21
    ],
    "profit": 611.0,
    "distance": 1342.2793459669342
  },
  "time_relocate_0": 0.0,
  "time_relocate_1": 0.0,
  "time_relocate_2": 0.02900000000000002,
  "time_exchange_0": 0.0,
  "time_exchange_1": 0.0,
  "time_exchange_2": 0.0,
  "time_two_opt": 0.0,
  "time_two_opt_star": 0.05500000000000004
}
