{
  "instname": "pr01.txt",
  "N": 49,
  "m": 3,
  "param": {
    "problemName": "toptw",
    "authorId": "654321",
    "authorName": "Qian",
    "algoName": "ILS",
    "randomSeed": 3,
    "timeLimit": 60,
    "testSetPrefix": "",
    "testSetExtension": ".txt",
    "pathData": "data/toptw",
    "pathResultSol": "/Users/naiquh/box.nju/Seafile/code/teaching/teaching_toptw_java/result/toptw/ILS",
    "pathResultCsv": "/Users/naiquh/box.nju/Seafile/code/teaching/teaching_toptw_java/result/toptw/result_ILS.csv"
  },
  "time": 0.161,
  "obj": 571.0,
  "sol": {
    "routeList": [
      {
        "rList": [
          0,
          9,
          47,
          12,
          24,
          38,
          30,
          32,
          37,
          10,
          11,
          45,
          6,
          42,
          34,
          7,
          31,
          44,
          35,
          22,
          0
        ],
        "earliest": [
          0.0,
          22.46005149148149,
          118.26021523119812,
          139.69028885774,
          157.1596355493858,
          182.62922907992177,
          227.51280069800623,
          268.55809670239313,
          285.7635477606019,
          313.68730122020924,
          320.5746701571793,
          331.47190728518933,
          360.2776986099509,
          426.4262093189215,
          485.95457321007626,
          508.9291364150604,
          537.1188460346115,
          553.2932345700943,
          571.2224352650373,
          606.4858721362452,
          664.8804301501547
        ],
        "latest": [
          55.51616253112428,
          77.97621402260577,
          124.23642925380389,
          140.9267181115439,
          158.3960648031897,
          183.86565833372566,
          228.74922995181012,
          269.794525956197,
          286.9999770144058,
          314.9237304740131,
          321.81109941098316,
          332.7083365389932,
          361.51412786375477,
          426.9403371826763,
          486.468701073831,
          509.44326427881515,
          537.6329738983662,
          553.8073624338491,
          571.7365631287921,
          607.0,
          1000.0
        ],
        "profit": 274.0
      },
      {
        "rList": [
          0,
          15,
          14,
          5,
          20,
          29,
          28,
          1,
          8,
          18,
          26,
          16,
          4,
          0
        ],
        "earliest": [
          0.0,
          43.71188663281419,
          179.15049111187705,
          243.04029546520468,
          274.40980051550144,
          321.5272653405731,
          367.84955713007855,
          385.02285386828436,
          424.64826533447297,
          477.02214308174393,
          508.1246511162086,
          529.3015306590331,
          581.038990092132,
          654.4514076609983
        ],
        "latest": [
          76.92851685817823,
          120.64040349099241,
          203.79089460286946,
          267.6806989561971,
          299.05020400649386,
          327.57746934706694,
          373.8997611365724,
          391.0730578747782,
          430.6984693409669,
          482.7206124227108,
          513.8231204571755,
          535.0,
          622.0,
          1000.0
        ],
        "profit": 155.0
      },
      {
        "rList": [
          0,
          48,
          2,
          40,
          21,
          25,
          23,
          39,
          43,
          46,
          0
        ],
        "earliest": [
          0.0,
          58.05985575249046,
          189.02843541504845,
          288.06238771035737,
          342.5065507135051,
          397.1384403681486,
          414.348393055422,
          470.7353426115472,
          507.18912730622145,
          574.9364019271411,
          671.0748894032106
        ],
        "latest": [
          99.72258152623961,
          157.78243727873007,
          248.81087269377852,
          302.8732604041359,
          357.3174234072836,
          411.94931306192717,
          429.15926574920053,
          485.54621530532575,
          522.0,
          597.0,
          1000.0
        ],
        "profit": 142.0
      }
    ],
    "unvisited": [
      33,
      27,
      36,
      13,
      41,
      17,
      19,
      3
    ],
    "profit": 571.0,
    "distance": 1990.4067272143636
  },
  "time_relocate_0": 0.0,
  "time_relocate_1": 0.0,
  "time_relocate_2": 0.02900000000000002,
  "time_exchange_0": 0.0,
  "time_exchange_1": 0.0,
  "time_exchange_2": 0.0,
  "time_two_opt": 0.0,
  "time_two_opt_star": 0.06600000000000004
}
