{
  "instname": "pr07.txt",
  "N": 73,
  "m": 1,
  "param": {
    "problemName": "toptw",
    "authorId": "654321",
    "authorName": "Qian",
    "algoName": "ILS",
    "randomSeed": 3,
    "timeLimit": 60,
    "testSetPrefix": "",
    "testSetExtension": ".txt",
    "pathData": "data/toptw",
    "pathResultSol": "/Users/naiquh/box.nju/Seafile/code/teaching/teaching_toptw_java/result/toptw/ILS",
    "pathResultCsv": "/Users/naiquh/box.nju/Seafile/code/teaching/teaching_toptw_java/result/toptw/result_ILS.csv"
  },
  "time": 0.11,
  "obj": 276.0,
  "sol": {
    "routeList": [
      {
        "rList": [
          0,
          31,
          2,
          38,
          35,
          25,
          22,
          56,
          32,
          69,
          21,
          48,
          44,
          54,
          8,
          15,
          72,
          0
        ],
        "earliest": [
          0.0,
          47.67659305151743,
          111.60870048439389,
          135.86642725720372,
          167.38502662276738,
          216.17344887819164,
          254.0410570590807,
          268.1653735792217,
          297.64946625765793,
          350.4273935561444,
          399.7458052627836,
          409.9524726131762,
          468.64633319128194,
          484.4688504057735,
          507.08005022973947,
          537.6552961289708,
          572.1839610994878,
          655.1017952527086
        ],
        "latest": [
          18.37093433530633,
          66.04752738682376,
          117.65622787121765,
          141.91395464402748,
          173.43255400959114,
          222.2209762650154,
          260.0885844459045,
          274.2129009660455,
          303.6969936444817,
          356.4749209429682,
          405.7933326496074,
          416.0,
          476.9910370623112,
          492.81355427680273,
          515.4247541007687,
          546.0,
          592.0,
          1000.0
        ],
        "profit": 276.0
      }
    ],
    "unvisited": [
      12,
      60,
      63,
      37,
      41,
      58,
      29,
      47,
      1,
      52,
      65,
      3,
      71,
      5,
      34,
      30,
      42,
      7,
      50,
      67,
      9,
      49,
      51,
      64,
      10,
      45,
      19,
      39,
      4,
      16,
      33,
      36,
      43,
      53,
      26,
      61,
      24,
      70,
      11,
      18,
      23,
      55,
      28,
      13,
      59,
      20,
      27,
      68,
      46,
      17,
      57,
      62,
      6,
      14,
      40,
      66
    ],
    "profit": 276.0,
    "distance": 655.1017952527086
  },
  "time_relocate_0": 0.0,
  "time_relocate_1": 0.0,
  "time_relocate_2": 0.0,
  "time_exchange_0": 0.0,
  "time_exchange_1": 0.0,
  "time_exchange_2": 0.0,
  "time_two_opt": 0.0,
  "time_two_opt_star": 0.0
}
