{
  "instname": "pr03.txt",
  "N": 145,
  "m": 3,
  "param": {
    "problemName": "toptw",
    "authorId": "654321",
    "authorName": "Qian",
    "algoName": "ILS",
    "randomSeed": 3,
    "timeLimit": 60,
    "testSetPrefix": "",
    "testSetExtension": ".txt",
    "pathData": "data/toptw",
    "pathResultSol": "/Users/naiquh/box.nju/Seafile/code/teaching/teaching_toptw_java/result/toptw/ILS",
    "pathResultCsv": "/Users/naiquh/box.nju/Seafile/code/teaching/teaching_toptw_java/result/toptw/result_ILS.csv"
  },
  "time": 0.615,
  "obj": 831.0,
  "sol": {
    "routeList": [
      {
        "rList": [
          0,
          118,
          130,
          39,
          17,
          62,
          139,
          88,
          52,
          129,
          107,
          26,
          91,
          45,
          27,
          14,
          10,
          112,
          0
        ],
        "earliest": [
          0.0,
          41.31781602408337,
          123.30682814446743,
          185.60007857076437,
          208.57362467002568,
          214.7076190861024,
          250.86759207239686,
          288.22884504646845,
          305.0484530106449,
          351.7295903511734,
          367.9650335347503,
          407.30348216052016,
          436.1854166798874,
          440.62319516268434,
          500.5213643235901,
          557.6581840144133,
          580.2279200922363,
          599.9693946419728,
          655.8410225457219
        ],
        "latest": [
          44.08210540515226,
          85.39992142923563,
          126.70674957370306,
          189.0,
          212.9810348653685,
          219.11502928144523,
          255.2750022677397,
          292.6362552418113,
          309.4558632059877,
          356.1370005465162,
          372.37244373009315,
          411.710892355863,
          440.59282687523023,
          445.0306053580272,
          503.55196968161727,
          560.6887893724405,
          583.2585254502635,
          603.0,
          1000.0
        ],
        "profit": 285.0
      },
      {
        "rList": [
          0,
          64,
          7,
          84,
          104,
          81,
          32,
          29,
          66,
          96,
          2,
          44,
          94,
          124,
          48,
          142,
          0
        ],
        "earliest": [
          0.0,
          67.170810624854,
          134.62616203196552,
          180.8140304098194,
          217.6813917121503,
          265.9732900149754,
          284.08580613079187,
          348.5124925177407,
          374.33542368326596,
          407.9266582666372,
          445.49594476491484,
          482.38204465585557,
          507.7518427674526,
          534.254142395921,
          562.6610851666826,
          592.0859565004266,
          687.8449564368304
        ],
        "latest": [
          31.701920423638313,
          98.87273104849231,
          142.49889308045783,
          188.6867614583117,
          224.368153170462,
          272.6600514732871,
          287.745857604079,
          351.2583501218197,
          377.08128128734495,
          410.6725158707162,
          448.24180236899383,
          485.1279022599346,
          510.49770037153166,
          537.0,
          582.0,
          617.0,
          1000.0
        ],
        "profit": 283.0
      },
      {
        "rList": [
          0,
          54,
          49,
          76,
          65,
          90,
          53,
          82,
          93,
          59,
          33,
          22,
          123,
          18,
          43,
          4,
          0
        ],
        "earliest": [
          0.0,
          65.87549136059633,
          137.2898593163893,
          207.09983336071534,
          252.5675882107189,
          308.22468841879004,
          337.56063414004245,
          354.9234838130854,
          377.54319641006043,
          412.6136011641523,
          455.0646272060829,
          491.6672843111707,
          505.13999626212296,
          513.7193216175496,
          533.2757495171754,
          599.2463533635466,
          663.1759468106019
        ],
        "latest": [
          29.734815962299024,
          95.61030732289535,
          156.90016663928466,
          212.0,
          265.0803817643189,
          320.73748197239,
          343.29811611243247,
          360.6609657854754,
          383.28067838245045,
          417.8942795466028,
          460.34530558853334,
          496.94796269362115,
          510.4206746445734,
          519.0,
          539.0293961536288,
          605.0,
          1000.0
        ],
        "profit": 263.0
      }
    ],
    "unvisited": [
      5,
      78,
      110,
      144,
      38,
      117,
      9,
      31,
      35,
      50,
      61,
      19,
      24,
      34,
      74,
      134,
      40,
      80,
      119,
      137,
      111,
      127,
      56,
      75,
      87,
      100,
      136,
      23,
      102,
      103,
      115,
      141,
      47,
      57,
      79,
      99,
      125,
      138,
      3,
      20,
      37,
      71,
      77,
      131,
      133,
      1,
      12,
      109,
      13,
      105,
      126,
      16,
      58,
      68,
      98,
      6,
      36,
      63,
      86,
      108,
      113,
      143,
      11,
      41,
      67,
      72,
      95,
      114,
      120,
      135,
      15,
      92,
      97,
      106,
      132,
      140,
      30,
      60,
      70,
      83,
      116,
      85,
      89,
      101,
      8,
      42,
      46,
      55,
      69,
      73,
      121,
      122,
      128,
      21,
      25,
      51,
      28
    ],
    "profit": 831.0,
    "distance": 2006.8619257931541
  },
  "time_relocate_0": 0.0,
  "time_relocate_1": 0.0,
  "time_relocate_2": 0.047000000000000035,
  "time_exchange_0": 0.0,
  "time_exchange_1": 0.0,
  "time_exchange_2": 0.0,
  "time_two_opt": 0.0,
  "time_two_opt_star": 0.1410000000000001
}
