{
  "instname": "pr15.txt",
  "N": 241,
  "m": 2,
  "param": {
    "problemName": "toptw",
    "authorId": "654321",
    "authorName": "Qian",
    "algoName": "ILS",
    "randomSeed": 3,
    "timeLimit": 60,
    "testSetPrefix": "",
    "testSetExtension": ".txt",
    "pathData": "data/toptw",
    "pathResultSol": "/Users/naiquh/box.nju/Seafile/code/teaching/teaching_toptw_java/result/toptw/ILS",
    "pathResultCsv": "/Users/naiquh/box.nju/Seafile/code/teaching/teaching_toptw_java/result/toptw/result_ILS.csv"
  },
  "time": 0.748,
  "obj": 873.0,
  "sol": {
    "routeList": [
      {
        "rList": [
          0,
          181,
          9,
          107,
          102,
          165,
          18,
          143,
          173,
          67,
          119,
          163,
          123,
          153,
          85,
          182,
          198,
          62,
          77,
          212,
          187,
          203,
          142,
          157,
          193,
          133,
          36,
          0
        ],
        "earliest": [
          0.0,
          35.396315429716694,
          95.00052911625113,
          133.0929645797259,
          197.65851529917424,
          226.0525188075801,
          241.3859631994564,
          249.5375198573997,
          295.9615614199727,
          316.1479489052395,
          327.77622944078075,
          343.53275674544324,
          386.92913831178976,
          415.00754555526214,
          426.86835391064136,
          433.6887181604113,
          446.7157557296862,
          459.3360654346785,
          469.32712023301525,
          487.38309007889364,
          511.44826119141965,
          522.047487731009,
          527.8383591548734,
          540.9519290371973,
          573.5892760835999,
          595.569320989312,
          628.7335797762386,
          668.3025919403141
        ],
        "latest": [
          34.65175553308606,
          70.04807096280275,
          95.04860007905388,
          133.14103554252867,
          197.706586261977,
          226.10058977038287,
          241.43403416225917,
          249.58559082020247,
          296.00963238277546,
          316.19601986804224,
          327.8243004035835,
          343.580827708246,
          386.9772092745925,
          415.0556165180649,
          426.9164248734441,
          433.73678912321407,
          446.7638266924889,
          459.38413639748126,
          469.375191195818,
          487.4311610416964,
          511.4963321542224,
          522.0955586938118,
          527.8864301176761,
          541.0,
          575.0199550942879,
          597.0,
          632.0,
          1000.0
        ],
        "profit": 500.0
      },
      {
        "rList": [
          0,
          19,
          91,
          11,
          29,
          235,
          135,
          24,
          103,
          120,
          74,
          28,
          230,
          80,
          37,
          32,
          66,
          226,
          219,
          0
        ],
        "earliest": [
          0.0,
          40.67988048163367,
          115.71777822672414,
          131.80605688329038,
          155.9273667858509,
          170.11912226930733,
          188.814417674812,
          217.1225902610544,
          241.4082843535664,
          277.10860082310563,
          327.99562930355273,
          361.0165648906119,
          364.4745559742609,
          391.8791767420695,
          426.2580309256555,
          447.0141425335364,
          472.6592209503136,
          521.6681791324704,
          590.3096069690437,
          689.8235169400103
        ],
        "latest": [
          26.440942776296872,
          67.12082325793054,
          120.83860148465467,
          136.92688014122092,
          161.0481900437814,
          175.23994552723784,
          193.93524093274252,
          222.2434135189849,
          246.5291076114969,
          282.22942408103614,
          333.11645256148324,
          366.1373881485424,
          369.5953792321914,
          397.0,
          432.58985179318506,
          453.345963401066,
          478.99104181784327,
          528.0,
          606.0,
          1000.0
        ],
        "profit": 373.0
      }
    ],
    "unvisited": [
      2,
      43,
      61,
      88,
      110,
      179,
      112,
      159,
      176,
      185,
      117,
      152,
      166,
      21,
      41,
      114,
      129,
      167,
      216,
      34,
      79,
      144,
      209,
      223,
      14,
      15,
      25,
      27,
      48,
      72,
      109,
      136,
      168,
      13,
      22,
      31,
      39,
      83,
      105,
      171,
      188,
      236,
      3,
      20,
      81,
      101,
      125,
      126,
      132,
      156,
      162,
      192,
      205,
      211,
      215,
      26,
      35,
      40,
      75,
      84,
      92,
      197,
      228,
      4,
      8,
      16,
      47,
      52,
      89,
      99,
      204,
      217,
      240,
      23,
      30,
      46,
      55,
      69,
      93,
      95,
      180,
      184,
      186,
      189,
      213,
      220,
      225,
      231,
      5,
      49,
      64,
      70,
      115,
      118,
      161,
      194,
      200,
      206,
      218,
      44,
      68,
      87,
      94,
      108,
      145,
      151,
      158,
      172,
      178,
      53,
      106,
      116,
      155,
      201,
      208,
      12,
      124,
      147,
      154,
      164,
      169,
      170,
      1,
      60,
      113,
      137,
      140,
      195,
      7,
      33,
      38,
      57,
      98,
      104,
      149,
      42,
      58,
      6,
      63,
      122,
      128,
      130,
      177,
      222,
      10,
      73,
      78,
      100,
      134,
      148,
      174,
      196,
      207,
      221,
      17,
      51,
      56,
      90,
      121,
      141,
      160,
      175,
      183,
      214,
      239,
      65,
      76,
      131,
      139,
      191,
      199,
      224,
      232,
      50,
      59,
      96,
      138,
      190,
      227,
      229,
      237,
      45,
      54,
      82,
      86,
      97,
      111,
      127,
      146,
      210,
      233,
      234,
      150,
      238,
      71,
      202
    ],
    "profit": 873.0,
    "distance": 1358.1261088803244
  },
  "time_relocate_0": 0.0,
  "time_relocate_1": 0.0,
  "time_relocate_2": 0.02900000000000002,
  "time_exchange_0": 0.0,
  "time_exchange_1": 0.0,
  "time_exchange_2": 0.0,
  "time_two_opt": 0.0,
  "time_two_opt_star": 0.058000000000000045
}
