{
  "instname": "pr17.txt",
  "N": 73,
  "m": 2,
  "param": {
    "problemName": "toptw",
    "authorId": "654321",
    "authorName": "Qian",
    "algoName": "ILS",
    "randomSeed": 3,
    "timeLimit": 60,
    "testSetPrefix": "",
    "testSetExtension": ".txt",
    "pathData": "data/toptw",
    "pathResultSol": "/Users/naiquh/box.nju/Seafile/code/teaching/teaching_toptw_java/result/toptw/ILS",
    "pathResultCsv": "/Users/naiquh/box.nju/Seafile/code/teaching/teaching_toptw_java/result/toptw/result_ILS.csv"
  },
  "time": 0.108,
  "obj": 536.0,
  "sol": {
    "routeList": [
      {
        "rList": [
          0,
          29,
          72,
          5,
          63,
          41,
          47,
          12,
          7,
          37,
          58,
          42,
          60,
          18,
          65,
          10,
          0
        ],
        "earliest": [
          0.0,
          67.97707197283508,
          124.79999181654556,
          167.7887751272645,
          201.31419997061428,
          269.2916794767886,
          294.79460759027967,
          323.2931705580051,
          356.0945362796754,
          379.8389274674414,
          414.5346413955285,
          454.3749115899817,
          489.6168063251683,
          521.2056371908851,
          568.9029082102902,
          596.9414879675992,
          650.0586532860016
        ],
        "latest": [
          6.081440059565722,
          74.0585120324008,
          126.85850384894636,
          169.84728715966529,
          203.37271200301507,
          271.35019150918936,
          296.8531196226804,
          325.35168259040586,
          358.1530483120762,
          381.89743949984216,
          416.5931534279293,
          456.43342362238246,
          491.67531835756904,
          523.2641492232859,
          570.961420242691,
          599.0,
          1000.0
        ],
        "profit": 295.0
      },
      {
        "rList": [
          0,
          70,
          35,
          44,
          54,
          34,
          48,
          32,
          22,
          56,
          8,
          9,
          21,
          69,
          3,
          0
        ],
        "earliest": [
          0.0,
          17.31435623983751,
          127.75451191779439,
          191.78608680348808,
          207.60860401797964,
          226.20129696024168,
          296.19230531891907,
          355.54174962176813,
          399.2788300773781,
          413.4031465975191,
          432.87305336713985,
          502.3125840785642,
          543.4064937161498,
          574.7249054227891,
          631.7353007867946,
          727.4993852067887
        ],
        "latest": [
          52.279150044012596,
          69.5935062838501,
          128.3480182016445,
          192.37959308733818,
          208.20211030182975,
          226.7948032440918,
          296.78581160276923,
          356.1352559056183,
          399.87233636122824,
          413.99665288136924,
          433.46655965099,
          502.9060903624144,
          544.0,
          593.9896046359945,
          651.0,
          1000.0
        ],
        "profit": 241.0
      }
    ],
    "unvisited": [
      15,
      38,
      1,
      52,
      71,
      30,
      50,
      67,
      49,
      51,
      64,
      66,
      45,
      19,
      39,
      4,
      16,
      33,
      36,
      43,
      53,
      26,
      31,
      61,
      24,
      11,
      23,
      55,
      2,
      28,
      13,
      59,
      27,
      68,
      46,
      17,
      57,
      62,
      6,
      14,
      40,
      20,
      25
    ],
    "profit": 536.0,
    "distance": 1377.5580384927903
  },
  "time_relocate_0": 0.0,
  "time_relocate_1": 0.0,
  "time_relocate_2": 0.007,
  "time_exchange_0": 0.0,
  "time_exchange_1": 0.0,
  "time_exchange_2": 0.0,
  "time_two_opt": 0.0,
  "time_two_opt_star": 0.02000000000000001
}
