{
  "instname": "pr13.txt",
  "N": 145,
  "m": 1,
  "param": {
    "problemName": "toptw",
    "authorId": "654321",
    "authorName": "Qian",
    "algoName": "ILS",
    "randomSeed": 3,
    "timeLimit": 60,
    "testSetPrefix": "",
    "testSetExtension": ".txt",
    "pathData": "data/toptw",
    "pathResultSol": "/Users/naiquh/box.nju/Seafile/code/teaching/teaching_toptw_java/result/toptw/ILS",
    "pathResultCsv": "/Users/naiquh/box.nju/Seafile/code/teaching/teaching_toptw_java/result/toptw/result_ILS.csv"
  },
  "time": 0.427,
  "obj": 390.0,
  "sol": {
    "routeList": [
      {
        "rList": [
          0,
          68,
          128,
          51,
          4,
          37,
          24,
          91,
          139,
          17,
          107,
          35,
          28,
          5,
          22,
          123,
          18,
          16,
          104,
          81,
          130,
          144,
          32,
          0
        ],
        "earliest": [
          0.0,
          59.435268056937375,
          87.50576299268673,
          125.34282229490802,
          150.21308698234168,
          180.0807228659377,
          188.8988702168131,
          241.10282148036305,
          266.3528135274204,
          284.74435861472773,
          302.05176341084643,
          338.65740149456474,
          361.7233109194017,
          370.88351454779104,
          404.5786537123075,
          418.0513656632598,
          426.63069101868643,
          441.6462080371978,
          453.1001762421206,
          501.39207454494573,
          523.5092531356903,
          548.2517885413993,
          601.6110656782771,
          690.136171927714
        ],
        "latest": [
          9.447903272098657,
          68.88317132903603,
          88.38893432172276,
          125.73175661663078,
          150.60202130406444,
          180.46965718766046,
          189.28780453853585,
          241.49175580208583,
          266.74174784914317,
          285.1332929364505,
          302.4406977325692,
          339.0463358162875,
          362.1122452411245,
          371.2724488695139,
          404.96758803403037,
          418.44029998498263,
          427.0196253404093,
          442.03514235892067,
          453.48911056384344,
          501.78100886666857,
          523.8981874574132,
          548.6407228631222,
          602.0,
          1000.0
        ],
        "profit": 390.0
      }
    ],
    "unvisited": [
      26,
      27,
      49,
      78,
      52,
      110,
      2,
      7,
      38,
      48,
      64,
      93,
      117,
      29,
      33,
      43,
      59,
      44,
      82,
      9,
      10,
      25,
      31,
      94,
      142,
      50,
      61,
      118,
      19,
      34,
      39,
      53,
      66,
      74,
      124,
      134,
      40,
      80,
      119,
      137,
      90,
      111,
      127,
      14,
      56,
      75,
      87,
      88,
      100,
      136,
      65,
      102,
      103,
      115,
      141,
      47,
      57,
      79,
      99,
      125,
      138,
      3,
      20,
      71,
      77,
      96,
      131,
      133,
      1,
      12,
      109,
      13,
      21,
      105,
      122,
      126,
      84,
      98,
      112,
      6,
      36,
      63,
      108,
      113,
      129,
      143,
      11,
      41,
      62,
      67,
      72,
      95,
      114,
      120,
      135,
      15,
      54,
      76,
      92,
      97,
      106,
      132,
      140,
      30,
      60,
      70,
      83,
      116,
      85,
      89,
      101,
      8,
      42,
      46,
      55,
      69,
      73,
      121,
      45,
      23,
      86,
      58
    ],
    "profit": 390.0,
    "distance": 690.136171927714
  },
  "time_relocate_0": 0.0,
  "time_relocate_1": 0.0,
  "time_relocate_2": 0.001,
  "time_exchange_0": 0.0,
  "time_exchange_1": 0.0,
  "time_exchange_2": 0.0,
  "time_two_opt": 0.0,
  "time_two_opt_star": 0.001
}
