{
  "instname": "pr11.txt",
  "N": 49,
  "m": 2,
  "param": {
    "problemName": "toptw",
    "authorId": "654321",
    "authorName": "Qian",
    "algoName": "ILS",
    "randomSeed": 3,
    "timeLimit": 60,
    "testSetPrefix": "",
    "testSetExtension": ".txt",
    "pathData": "data/toptw",
    "pathResultSol": "/Users/naiquh/box.nju/Seafile/code/teaching/teaching_toptw_java/result/toptw/ILS",
    "pathResultCsv": "/Users/naiquh/box.nju/Seafile/code/teaching/teaching_toptw_java/result/toptw/result_ILS.csv"
  },
  "time": 0.105,
  "obj": 498.0,
  "sol": {
    "routeList": [
      {
        "rList": [
          0,
          20,
          29,
          13,
          8,
          33,
          1,
          16,
          44,
          32,
          31,
          30,
          24,
          21,
          47,
          12,
          43,
          9,
          0
        ],
        "earliest": [
          0.0,
          82.9794162729529,
          111.50668161352597,
          152.34042189696,
          183.99816691279582,
          216.76160418198134,
          275.5472425780704,
          295.6872456872177,
          362.6162012963455,
          367.00246545466206,
          377.4890899860747,
          416.3432836346353,
          447.784335521145,
          466.564695536543,
          482.27803293456924,
          498.96832179230927,
          532.8054270695866,
          582.4274372303539,
          606.7010769163031
        ],
        "latest": [
          6.109870070307522,
          89.08928634326043,
          117.61655168383349,
          158.45029196726753,
          185.44845888006336,
          218.21189614924887,
          276.99753454533794,
          296.6847802325556,
          363.6137358416834,
          368.0,
          378.9243944495317,
          417.7785880980923,
          449.219639984602,
          468.0,
          487.8505957042154,
          504.5408845619554,
          538.3779898392327,
          588.0,
          1000.0
        ],
        "profit": 271.0
      },
      {
        "rList": [
          0,
          42,
          39,
          35,
          11,
          45,
          10,
          34,
          37,
          7,
          22,
          41,
          26,
          18,
          38,
          40,
          0
        ],
        "earliest": [
          0.0,
          39.25735421548426,
          136.8598502506283,
          188.4686445185481,
          216.67994741616184,
          227.57718454417187,
          243.3881871869551,
          251.5727373468468,
          270.60524877020646,
          290.62722138134194,
          316.36783699990866,
          371.1250021284273,
          422.6253683918713,
          440.72787642633597,
          510.9893589706905,
          553.9161199479655,
          653.768119276021
        ],
        "latest": [
          49.16990843766889,
          88.42726265315315,
          151.28711290378146,
          202.89590717170125,
          231.10721006931502,
          242.00444719732505,
          257.8154498401083,
          266.0,
          289.27212357366403,
          305.899344955006,
          331.6399605735727,
          386.39712570209133,
          437.8974919655353,
          456.0,
          527.073239022725,
          570.0,
          1000.0
        ],
        "profit": 227.0
      }
    ],
    "unvisited": [
      46,
      27,
      23,
      25,
      36,
      48,
      14,
      2,
      4,
      6,
      17,
      15,
      19,
      3,
      28,
      5
    ],
    "profit": 498.0,
    "distance": 1260.469196192324
  },
  "time_relocate_0": 0.0,
  "time_relocate_1": 0.0,
  "time_relocate_2": 0.009000000000000001,
  "time_exchange_0": 0.0,
  "time_exchange_1": 0.0,
  "time_exchange_2": 0.0,
  "time_two_opt": 0.0,
  "time_two_opt_star": 0.03400000000000002
}
