{
  "instname": "pr11.txt",
  "N": 49,
  "m": 1,
  "param": {
    "problemName": "toptw",
    "authorId": "654321",
    "authorName": "Qian",
    "algoName": "ILS",
    "randomSeed": 3,
    "timeLimit": 60,
    "testSetPrefix": "",
    "testSetExtension": ".txt",
    "pathData": "data/toptw",
    "pathResultSol": "/Users/naiquh/box.nju/Seafile/code/teaching/teaching_toptw_java/result/toptw/ILS",
    "pathResultCsv": "/Users/naiquh/box.nju/Seafile/code/teaching/teaching_toptw_java/result/toptw/result_ILS.csv"
  },
  "time": 0.045,
  "obj": 321.0,
  "sol": {
    "routeList": [
      {
        "rList": [
          0,
          20,
          29,
          8,
          16,
          31,
          44,
          32,
          35,
          10,
          11,
          45,
          42,
          43,
          21,
          47,
          24,
          40,
          38,
          12,
          0
        ],
        "earliest": [
          0.0,
          82.9794162729529,
          111.50668161352597,
          128.7472246711606,
          169.18274323657744,
          226.98084341736495,
          243.15523195284786,
          247.5414961111644,
          262.0849104517212,
          288.2392401639919,
          295.12660910096196,
          306.023846228972,
          355.76377412532446,
          411.59125577725314,
          455.7240564908358,
          471.437393888862,
          485.6476890091594,
          531.9972861045882,
          570.9240470818631,
          601.6113513818171,
          673.1277206261085
        ],
        "latest": [
          1.3523109908405644,
          84.33172726379347,
          112.85899260436653,
          130.0995356620012,
          170.53505422741802,
          228.33315440820553,
          244.50754294368843,
          248.89380710200498,
          263.4372214425618,
          289.5915511548325,
          296.47892009180254,
          307.37615721981257,
          357.11608511616504,
          412.9435667680937,
          457.07636748167636,
          472.7897048797026,
          487.0,
          539.073239022725,
          578.0,
          639.0,
          1000.0
        ],
        "profit": 321.0
      }
    ],
    "unvisited": [
      34,
      22,
      33,
      46,
      18,
      3,
      27,
      23,
      25,
      7,
      9,
      30,
      39,
      1,
      5,
      37,
      36,
      48,
      13,
      14,
      28,
      2,
      41,
      26,
      4,
      6,
      17,
      15,
      19
    ],
    "profit": 321.0,
    "distance": 673.1277206261085
  },
  "time_relocate_0": 0.0,
  "time_relocate_1": 0.0,
  "time_relocate_2": 0.0,
  "time_exchange_0": 0.0,
  "time_exchange_1": 0.0,
  "time_exchange_2": 0.0,
  "time_two_opt": 0.0,
  "time_two_opt_star": 0.0
}
