{
  "instname": "pr07.txt",
  "N": 73,
  "m": 4,
  "param": {
    "problemName": "toptw",
    "authorId": "654321",
    "authorName": "Qian",
    "algoName": "ILS",
    "randomSeed": 3,
    "timeLimit": 60,
    "testSetPrefix": "",
    "testSetExtension": ".txt",
    "pathData": "data/toptw",
    "pathResultSol": "/Users/naiquh/box.nju/Seafile/code/teaching/teaching_toptw_java/result/toptw/ILS",
    "pathResultCsv": "/Users/naiquh/box.nju/Seafile/code/teaching/teaching_toptw_java/result/toptw/result_ILS.csv"
  },
  "time": 0.307,
  "obj": 785.0,
  "sol": {
    "routeList": [
      {
        "rList": [
          0,
          31,
          2,
          38,
          25,
          39,
          35,
          71,
          54,
          3,
          34,
          8,
          15,
          45,
          72,
          0
        ],
        "earliest": [
          0.0,
          47.67659305151743,
          111.60870048439389,
          135.86642725720372,
          197.54707709201216,
          256.83825631182015,
          285.39277313846577,
          319.2164573816294,
          404.27638154522793,
          427.2957503855366,
          467.9685543801572,
          500.316931118987,
          530.8921770182183,
          545.8836835104586,
          591.1960057666247,
          674.1138399198455
        ],
        "latest": [
          24.104133108251048,
          71.78072615976848,
          123.38942664416237,
          147.6471534169722,
          209.32780325178064,
          268.61898247158865,
          295.0117556100544,
          328.8354398532181,
          409.111821398446,
          432.1311902387547,
          472.80399423337525,
          501.12092535236224,
          531.6961712515936,
          546.6876777438339,
          592.0,
          1000.0
        ],
        "profit": 241.0
      },
      {
        "rList": [
          0,
          7,
          12,
          50,
          41,
          51,
          59,
          63,
          5,
          52,
          60,
          42,
          19,
          36,
          0
        ],
        "earliest": [
          0.0,
          52.58544969856205,
          129.80136572167032,
          194.23159420618148,
          229.25751341643218,
          256.3551369081907,
          282.8041811660106,
          343.0285128052437,
          380.52542484334975,
          433.67490040654985,
          522.7601546543773,
          544.0020493895638,
          561.5338783617406,
          608.3612143507058,
          670.8063987209176
        ],
        "latest": [
          72.50547574465384,
          125.0909254432159,
          148.89229116488622,
          213.32251964939738,
          248.34843885964807,
          275.44606235140657,
          301.2502435174172,
          361.47457515665025,
          383.0,
          445.672851016986,
          534.7581052648135,
          556.0,
          577.1726640110347,
          624.0,
          1000.0
        ],
        "profit": 220.0
      },
      {
        "rList": [
          0,
          9,
          67,
          22,
          56,
          69,
          62,
          32,
          44,
          21,
          61,
          58,
          37,
          0
        ],
        "earliest": [
          0.0,
          28.577068604039848,
          188.33771717431335,
          255.104369721531,
          269.228686241672,
          303.2155560416373,
          339.0451286827417,
          372.5870027452572,
          415.9148592756865,
          469.4367503056092,
          503.4980380214824,
          533.9684461910018,
          568.6641601190889,
          623.5765588104231
        ],
        "latest": [
          124.31856167442916,
          152.895630278469,
          194.23334745278237,
          261.0,
          276.7306482201896,
          310.7175180201549,
          346.5470906612593,
          380.08896472377484,
          423.41682125420414,
          476.93871228412684,
          511.0,
          549.3042860719129,
          584.0,
          1000.0
        ],
        "profit": 178.0
      },
      {
        "rList": [
          0,
          16,
          46,
          53,
          4,
          29,
          43,
          49,
          68,
          64,
          47,
          1,
          26,
          0
        ],
        "earliest": [
          0.0,
          66.10877111246283,
          157.1074738900239,
          173.25428499708417,
          208.45230790317055,
          226.6111145503194,
          311.0232956919001,
          331.00948420404023,
          372.29089021890405,
          414.09545065419957,
          447.6243095462202,
          504.6879121097082,
          559.7861148885828,
          660.9163140585578
        ],
        "latest": [
          19.805127234106138,
          85.91389834656897,
          162.02137223659287,
          178.16818334365314,
          213.36620624973952,
          230.97732080005892,
          315.38950194163965,
          335.3756904537798,
          372.66658067268384,
          414.47114110797935,
          448.0,
          505.9017972211253,
          561.0,
          1000.0
        ],
        "profit": 146.0
      }
    ],
    "unvisited": [
      30,
      66,
      10,
      33,
      24,
      70,
      11,
      18,
      23,
      28,
      13,
      20,
      27,
      17,
      57,
      6,
      14,
      55,
      40,
      48,
      65
    ],
    "profit": 785.0,
    "distance": 2629.4131115097443
  },
  "time_relocate_0": 0.0,
  "time_relocate_1": 0.0,
  "time_relocate_2": 0.046000000000000034,
  "time_exchange_0": 0.0,
  "time_exchange_1": 0.0,
  "time_exchange_2": 0.0,
  "time_two_opt": 0.0,
  "time_two_opt_star": 0.1350000000000001
}
