{
  "instname": "pr09.txt",
  "N": 217,
  "m": 2,
  "param": {
    "problemName": "toptw",
    "authorId": "654321",
    "authorName": "Qian",
    "algoName": "ILS",
    "randomSeed": 3,
    "timeLimit": 60,
    "testSetPrefix": "",
    "testSetExtension": ".txt",
    "pathData": "data/toptw",
    "pathResultSol": "/Users/naiquh/box.nju/Seafile/code/teaching/teaching_toptw_java/result/toptw/ILS",
    "pathResultCsv": "/Users/naiquh/box.nju/Seafile/code/teaching/teaching_toptw_java/result/toptw/result_ILS.csv"
  },
  "time": 0.755,
  "obj": 753.0,
  "sol": {
    "routeList": [
      {
        "rList": [
          0,
          191,
          164,
          136,
          96,
          208,
          107,
          160,
          49,
          195,
          8,
          57,
          116,
          51,
          170,
          5,
          207,
          127,
          16,
          73,
          156,
          31,
          118,
          128,
          0
        ],
        "earliest": [
          0.0,
          18.733018576833793,
          104.88337967256822,
          127.80990774826134,
          175.27348210413075,
          198.41760315567691,
          247.13984656823493,
          272.97962585498624,
          283.6521064880189,
          313.1513257436364,
          342.0931828282786,
          368.2599910785177,
          419.93081678764014,
          445.1742526998301,
          458.06030976277356,
          469.288260783532,
          481.4080581657988,
          496.8031793027624,
          507.2733558067012,
          516.5734054096805,
          539.2644314116973,
          557.9994726254978,
          587.2217915277004,
          618.608803006633,
          718.9725212336419
        ],
        "latest": [
          57.04374500253919,
          75.77676357937298,
          111.66014325194121,
          134.58667132763432,
          177.86015343176507,
          200.27775658744198,
          249.0,
          288.985638686066,
          299.65811931909866,
          329.15733857471616,
          358.0991956593584,
          384.2660039095975,
          425.1968206972376,
          450.37107339706773,
          463.2571304600112,
          474.4850814807696,
          486.60487886303645,
          502.0,
          515.0089243950039,
          524.3089739979832,
          547.0,
          565.7776810977974,
          595.0,
          642.0,
          1000.0
        ],
        "profit": 405.0
      },
      {
        "rList": [
          0,
          43,
          141,
          18,
          135,
          115,
          80,
          104,
          105,
          64,
          120,
          23,
          126,
          146,
          157,
          37,
          98,
          184,
          83,
          139,
          68,
          140,
          143,
          0
        ],
        "earliest": [
          0.0,
          60.788124267820606,
          112.00814985527583,
          143.21653377587683,
          184.8958779447978,
          210.29237737561928,
          214.7575961277329,
          229.40581120368932,
          277.5453340870006,
          288.9403790496766,
          313.88821365628166,
          322.6199277396487,
          371.17492977309826,
          378.0606813091592,
          384.80711921735946,
          414.53769862643355,
          434.42004242833855,
          454.9439987521206,
          471.6543806440318,
          481.5243235376673,
          514.9405972751848,
          546.1856632543023,
          603.0580389254081,
          696.7445727561173
        ],
        "latest": [
          11.67417710574587,
          72.46230137356648,
          113.4704512288423,
          144.67883514944327,
          186.35817931836425,
          211.75467874918573,
          216.21989750129936,
          230.86811257725577,
          279.00763546056703,
          290.40268042324305,
          315.3505150298481,
          324.08222911321513,
          372.6372311466647,
          379.5229826827256,
          386.2694205909259,
          416.0,
          435.8957188906712,
          456.41967521445326,
          473.13005710636446,
          483.0,
          526.7549340208825,
          558.0,
          617.0,
          1000.0
        ],
        "profit": 348.0
      }
    ],
    "unvisited": [
      182,
      213,
      214,
      24,
      39,
      72,
      78,
      196,
      29,
      75,
      117,
      129,
      137,
      148,
      210,
      19,
      50,
      74,
      77,
      103,
      138,
      175,
      87,
      91,
      97,
      163,
      202,
      15,
      27,
      88,
      89,
      90,
      106,
      165,
      166,
      180,
      192,
      194,
      94,
      186,
      10,
      14,
      21,
      152,
      193,
      204,
      2,
      32,
      108,
      109,
      167,
      206,
      215,
      4,
      53,
      85,
      93,
      102,
      177,
      212,
      9,
      58,
      59,
      113,
      161,
      6,
      20,
      34,
      45,
      67,
      69,
      122,
      158,
      176,
      201,
      48,
      61,
      121,
      151,
      12,
      25,
      28,
      35,
      54,
      63,
      114,
      119,
      123,
      144,
      47,
      76,
      84,
      112,
      159,
      179,
      200,
      211,
      36,
      79,
      86,
      124,
      133,
      149,
      171,
      7,
      11,
      13,
      99,
      130,
      132,
      145,
      190,
      38,
      55,
      60,
      66,
      131,
      185,
      199,
      26,
      82,
      125,
      147,
      197,
      40,
      42,
      52,
      62,
      142,
      154,
      22,
      30,
      70,
      162,
      168,
      178,
      1,
      44,
      56,
      65,
      81,
      100,
      183,
      187,
      17,
      33,
      41,
      46,
      95,
      101,
      134,
      153,
      172,
      189,
      198,
      92,
      111,
      150,
      155,
      169,
      174,
      181,
      188,
      203,
      209,
      216,
      3,
      71,
      173,
      205,
      110
    ],
    "profit": 753.0,
    "distance": 1415.7170939897592
  },
  "time_relocate_0": 0.0,
  "time_relocate_1": 0.0,
  "time_relocate_2": 0.025000000000000015,
  "time_exchange_0": 0.0,
  "time_exchange_1": 0.0,
  "time_exchange_2": 0.0,
  "time_two_opt": 0.0,
  "time_two_opt_star": 0.07100000000000005
}
