{
  "instname": "pr05.txt",
  "N": 241,
  "m": 2,
  "param": {
    "problemName": "toptw",
    "authorId": "654321",
    "authorName": "Qian",
    "algoName": "ILS",
    "randomSeed": 3,
    "timeLimit": 60,
    "testSetPrefix": "",
    "testSetExtension": ".txt",
    "pathData": "data/toptw",
    "pathResultSol": "/Users/naiquh/box.nju/Seafile/code/teaching/teaching_toptw_java/result/toptw/ILS",
    "pathResultCsv": "/Users/naiquh/box.nju/Seafile/code/teaching/teaching_toptw_java/result/toptw/result_ILS.csv"
  },
  "time": 1.167,
  "obj": 882.0,
  "sol": {
    "routeList": [
      {
        "rList": [
          0,
          204,
          153,
          80,
          135,
          24,
          74,
          29,
          102,
          157,
          193,
          11,
          91,
          142,
          158,
          129,
          61,
          173,
          85,
          136,
          182,
          32,
          9,
          0
        ],
        "earliest": [
          0.0,
          31.272037045897726,
          94.51748970568096,
          130.63005455185916,
          158.5419990085981,
          186.8501715948405,
          199.2937694791217,
          251.42999473650485,
          269.3431451335306,
          297.2617685209206,
          329.89911556732324,
          341.3435942118685,
          350.4318728684347,
          371.81271642240733,
          388.0907187553712,
          407.72391724374006,
          421.58078008037324,
          456.07635531608895,
          497.5128754956508,
          519.4624809811963,
          536.607304057086,
          573.198087669148,
          589.5873519582972,
          640.7936846008876
        ],
        "latest": [
          48.327894573397764,
          79.59993161929549,
          99.11742132497645,
          135.22998617115465,
          163.1419306278936,
          191.450103214136,
          203.89370109841718,
          256.02992635580034,
          273.9430767528261,
          301.8617001402161,
          334.4990471866187,
          345.943525831164,
          355.0318044877302,
          376.4126480417028,
          390.503366797074,
          410.1365652854429,
          423.99342812207607,
          458.4890033577918,
          499.9255235373536,
          521.8751290228992,
          539.0199520987888,
          575.6107357108508,
          592.0,
          1000.0
        ],
        "profit": 459.0
      },
      {
        "rList": [
          0,
          81,
          202,
          77,
          62,
          119,
          71,
          176,
          164,
          216,
          27,
          26,
          237,
          238,
          18,
          179,
          43,
          123,
          215,
          110,
          72,
          143,
          144,
          218,
          201,
          0
        ],
        "earliest": [
          0.0,
          19.473847616739743,
          121.41643161340234,
          135.04928249017865,
          143.0403372885154,
          199.68240952617836,
          215.91688648190183,
          230.68763814341338,
          245.63016440840136,
          274.7214452700225,
          294.8376790297093,
          312.5062079893005,
          322.2787267268125,
          333.66851888065275,
          342.59130203655144,
          363.9810916220796,
          380.87637185290833,
          391.68347319523053,
          429.45186137452066,
          452.03958496919364,
          502.60353947250815,
          525.7075570163303,
          561.0423029332002,
          585.7717760648725,
          626.2612154498271,
          669.4731951095284
        ],
        "latest": [
          64.5450607611806,
          84.01890837792034,
          121.43533999132268,
          135.068190868099,
          143.05924566643574,
          199.70131790409872,
          215.93579485982218,
          230.70654652133373,
          245.64907278632174,
          274.7403536479429,
          294.8565874076297,
          312.5251163672209,
          322.29763510473293,
          333.68742725857317,
          342.61021041447185,
          364.0,
          382.8367868837147,
          393.6438882260369,
          431.412276405327,
          454.0,
          508.34232402268105,
          531.4463415665032,
          566.7810874833731,
          591.5105606150454,
          632.0,
          1000.0
        ],
        "profit": 423.0
      }
    ],
    "unvisited": [
      2,
      88,
      120,
      163,
      219,
      230,
      103,
      112,
      159,
      185,
      226,
      66,
      117,
      152,
      166,
      21,
      41,
      107,
      114,
      167,
      67,
      79,
      209,
      223,
      14,
      15,
      25,
      48,
      109,
      168,
      198,
      13,
      19,
      22,
      31,
      39,
      83,
      105,
      171,
      188,
      236,
      3,
      20,
      101,
      125,
      126,
      132,
      156,
      162,
      165,
      192,
      205,
      211,
      35,
      40,
      75,
      84,
      92,
      150,
      197,
      212,
      228,
      4,
      8,
      16,
      47,
      52,
      89,
      99,
      217,
      240,
      23,
      30,
      46,
      55,
      69,
      93,
      95,
      180,
      181,
      184,
      186,
      189,
      213,
      220,
      225,
      231,
      5,
      49,
      70,
      115,
      118,
      161,
      194,
      200,
      206,
      44,
      68,
      87,
      94,
      108,
      145,
      151,
      172,
      28,
      53,
      106,
      155,
      208,
      12,
      124,
      147,
      154,
      169,
      170,
      1,
      37,
      60,
      113,
      137,
      140,
      195,
      7,
      33,
      38,
      57,
      98,
      104,
      149,
      187,
      42,
      58,
      133,
      6,
      63,
      122,
      128,
      130,
      177,
      222,
      10,
      36,
      73,
      78,
      100,
      134,
      148,
      174,
      196,
      207,
      221,
      17,
      51,
      56,
      90,
      121,
      141,
      160,
      175,
      183,
      214,
      239,
      65,
      76,
      131,
      139,
      191,
      199,
      224,
      232,
      50,
      59,
      96,
      138,
      190,
      227,
      229,
      45,
      54,
      82,
      86,
      97,
      111,
      127,
      146,
      210,
      233,
      234,
      34,
      64,
      116,
      235,
      203,
      178
    ],
    "profit": 882.0,
    "distance": 1310.266879710416
  },
  "time_relocate_0": 0.0,
  "time_relocate_1": 0.0,
  "time_relocate_2": 0.047000000000000035,
  "time_exchange_0": 0.0,
  "time_exchange_1": 0.0,
  "time_exchange_2": 0.0,
  "time_two_opt": 0.0,
  "time_two_opt_star": 0.08900000000000007
}
