{
  "instname": "pr17.txt",
  "N": 73,
  "m": 3,
  "param": {
    "problemName": "toptw",
    "authorId": "654321",
    "authorName": "Qian",
    "algoName": "ILS",
    "randomSeed": 3,
    "timeLimit": 60,
    "testSetPrefix": "",
    "testSetExtension": ".txt",
    "pathData": "data/toptw",
    "pathResultSol": "/Users/naiquh/box.nju/Seafile/code/teaching/teaching_toptw_java/result/toptw/ILS",
    "pathResultCsv": "/Users/naiquh/box.nju/Seafile/code/teaching/teaching_toptw_java/result/toptw/result_ILS.csv"
  },
  "time": 0.396,
  "obj": 708.0,
  "sol": {
    "routeList": [
      {
        "rList": [
          0,
          43,
          51,
          7,
          47,
          12,
          17,
          41,
          63,
          5,
          53,
          52,
          21,
          60,
          9,
          37,
          69,
          0
        ],
        "earliest": [
          0.0,
          79.08548687338278,
          108.28348814955734,
          145.10989025326174,
          183.49844333661653,
          211.99700630434194,
          234.0963872683416,
          257.7838472591507,
          330.761326765325,
          352.28675160867476,
          387.58301322357335,
          414.84679732743,
          466.2493782312845,
          506.1553386728826,
          523.3835435900749,
          565.9311901933731,
          641.7887283991658,
          710.8256335319329
        ],
        "latest": [
          0.21127160083413798,
          79.29675847421692,
          108.49475975039147,
          145.32116185409586,
          183.70971493745066,
          212.20827790517606,
          234.30765886917573,
          257.9951188599848,
          330.9725983661591,
          352.49802320950886,
          387.79428482440744,
          415.0580689282641,
          466.4606498321186,
          506.3666102737167,
          523.594815190909,
          566.1424617942073,
          642.0,
          1000.0
        ],
        "profit": 269.0
      },
      {
        "rList": [
          0,
          35,
          29,
          49,
          61,
          8,
          22,
          54,
          56,
          34,
          44,
          15,
          45,
          4,
          25,
          3,
          0
        ],
        "earliest": [
          0.0,
          29.217900763059617,
          159.13076966425268,
          233.8468212472173,
          260.74555690553626,
          335.15601902419223,
          347.7770603716791,
          356.45321702003895,
          371.96787113430577,
          388.87487922375476,
          412.1978828828134,
          455.68483837378307,
          470.6763448660234,
          536.3274150068207,
          580.6393474815667,
          636.1928521051902,
          731.9569365251843
        ],
        "latest": [
          39.32888221690139,
          68.54678297996101,
          161.67755264421368,
          236.39360422717832,
          263.2923398854973,
          337.7028020041533,
          350.32384335164016,
          359.0,
          383.2830327605227,
          400.1900408499717,
          423.51304450903035,
          467.0,
          485.48349276083314,
          551.1345629016305,
          595.4464953763764,
          651.0,
          1000.0
        ],
        "profit": 249.0
      },
      {
        "rList": [
          0,
          72,
          55,
          48,
          36,
          71,
          38,
          32,
          30,
          42,
          65,
          10,
          0
        ],
        "earliest": [
          0.0,
          89.72553151138197,
          164.46249548185367,
          194.4275794152378,
          245.00200097611776,
          289.1355776019518,
          325.2658490887464,
          379.3333213130918,
          458.4053610471355,
          489.9331490905378,
          563.6826953138633,
          591.7212750711723,
          644.8384403895747
        ],
        "latest": [
          7.278724928827785,
          97.00425644020976,
          171.74122041068145,
          201.7063043440656,
          252.28072590494554,
          296.4143025307796,
          332.5445740175742,
          386.6120462419196,
          465.6840859759633,
          497.2118740193656,
          570.961420242691,
          599.0,
          1000.0
        ],
        "profit": 190.0
      }
    ],
    "unvisited": [
      58,
      1,
      50,
      67,
      64,
      66,
      19,
      39,
      16,
      33,
      26,
      31,
      24,
      70,
      11,
      23,
      2,
      28,
      13,
      27,
      68,
      46,
      57,
      62,
      6,
      14,
      40,
      18,
      59,
      20
    ],
    "profit": 708.0,
    "distance": 2087.621010446692
  },
  "time_relocate_0": 0.0,
  "time_relocate_1": 0.0,
  "time_relocate_2": 0.05300000000000004,
  "time_exchange_0": 0.0,
  "time_exchange_1": 0.0,
  "time_exchange_2": 0.0,
  "time_two_opt": 0.0,
  "time_two_opt_star": 0.11300000000000009
}
