{
  "instname": "pr08.txt",
  "N": 145,
  "m": 1,
  "param": {
    "problemName": "toptw",
    "authorId": "654321",
    "authorName": "Qian",
    "algoName": "ILS",
    "randomSeed": 3,
    "timeLimit": 60,
    "testSetPrefix": "",
    "testSetExtension": ".txt",
    "pathData": "data/toptw",
    "pathResultSol": "/Users/naiquh/box.nju/Seafile/code/teaching/teaching_toptw_java/result/toptw/ILS",
    "pathResultCsv": "/Users/naiquh/box.nju/Seafile/code/teaching/teaching_toptw_java/result/toptw/result_ILS.csv"
  },
  "time": 0.26,
  "obj": 414.0,
  "sol": {
    "routeList": [
      {
        "rList": [
          0,
          136,
          87,
          37,
          68,
          77,
          125,
          17,
          98,
          55,
          48,
          92,
          24,
          135,
          33,
          76,
          124,
          138,
          1,
          41,
          144,
          111,
          0
        ],
        "earliest": [
          0.0,
          39.57189918363788,
          135.49699209837942,
          165.72109832219954,
          205.29364652436888,
          222.651051597712,
          239.8511564340712,
          282.957000304014,
          306.77095632275035,
          325.166109498276,
          352.48046161535376,
          377.6846277518982,
          399.2294201273623,
          417.4555493422116,
          432.6753545601413,
          464.9570764829557,
          496.7852540884714,
          514.6847358414002,
          545.7436947071594,
          570.5959967681811,
          594.1181103457297,
          627.915997433141,
          680.5157228755625
        ],
        "latest": [
          29.471100512348087,
          69.04299969598597,
          136.5399917943654,
          166.7640980181855,
          206.33664622035485,
          223.69405129369798,
          240.89415613005718,
          284.0,
          308.54153619538806,
          326.9366893709137,
          354.2510414879915,
          379.4552076245359,
          401.0,
          422.33743899648186,
          437.5572442144115,
          469.83896613722595,
          501.66714374274164,
          519.5666254956705,
          550.6255843614297,
          575.4778864224513,
          599.0,
          638.0,
          1000.0
        ],
        "profit": 414.0
      }
    ],
    "unvisited": [
      54,
      56,
      63,
      100,
      109,
      8,
      19,
      34,
      51,
      70,
      106,
      118,
      93,
      116,
      28,
      131,
      141,
      14,
      30,
      83,
      108,
      36,
      60,
      123,
      6,
      20,
      32,
      71,
      114,
      50,
      58,
      61,
      127,
      23,
      39,
      89,
      119,
      43,
      64,
      107,
      115,
      9,
      57,
      67,
      85,
      129,
      140,
      22,
      44,
      65,
      84,
      88,
      113,
      133,
      143,
      7,
      10,
      21,
      73,
      102,
      112,
      117,
      13,
      27,
      47,
      49,
      72,
      75,
      78,
      99,
      121,
      130,
      80,
      105,
      132,
      2,
      11,
      16,
      74,
      110,
      126,
      128,
      18,
      26,
      82,
      96,
      97,
      134,
      3,
      31,
      59,
      90,
      101,
      120,
      137,
      139,
      142,
      4,
      45,
      69,
      86,
      104,
      122,
      38,
      46,
      62,
      12,
      40,
      91,
      94,
      95,
      42,
      52,
      53,
      103,
      15,
      29,
      35,
      79,
      5,
      25,
      66,
      81
    ],
    "profit": 414.0,
    "distance": 680.5157228755625
  },
  "time_relocate_0": 0.0,
  "time_relocate_1": 0.0,
  "time_relocate_2": 0.0,
  "time_exchange_0": 0.0,
  "time_exchange_1": 0.0,
  "time_exchange_2": 0.0,
  "time_two_opt": 0.0,
  "time_two_opt_star": 0.001
}
