{
  "instname": "pr02.txt",
  "N": 97,
  "m": 1,
  "param": {
    "problemName": "toptw",
    "authorId": "654321",
    "authorName": "Qian",
    "algoName": "ILS",
    "randomSeed": 3,
    "timeLimit": 60,
    "testSetPrefix": "",
    "testSetExtension": ".txt",
    "pathData": "data/toptw",
    "pathResultSol": "/Users/naiquh/box.nju/Seafile/code/teaching/teaching_toptw_java/result/toptw/ILS",
    "pathResultCsv": "/Users/naiquh/box.nju/Seafile/code/teaching/teaching_toptw_java/result/toptw/result_ILS.csv"
  },
  "time": 0.177,
  "obj": 375.0,
  "sol": {
    "routeList": [
      {
        "rList": [
          0,
          6,
          18,
          24,
          80,
          22,
          32,
          65,
          95,
          41,
          61,
          35,
          26,
          91,
          31,
          52,
          11,
          21,
          54,
          25,
          87,
          0
        ],
        "earliest": [
          0.0,
          73.0377081924125,
          121.00198074170785,
          141.83220711316838,
          147.37350007688423,
          187.91930034175735,
          223.884259745673,
          239.62946000734127,
          258.4260956046654,
          304.30990182699935,
          330.76188142817927,
          353.6022544871184,
          377.9002147961974,
          388.67655636078814,
          426.23210377883606,
          468.16271877107766,
          502.3238578706499,
          514.0880397871864,
          531.952621406443,
          555.9642794351369,
          585.4040296737871,
          616.519839105089
        ],
        "latest": [
          0.8372812289223219,
          73.87498942133482,
          121.83926197063019,
          142.66948834209072,
          148.21078130580656,
          188.75658157067969,
          224.72154097459534,
          240.4667412362636,
          259.26337683358776,
          305.1471830559217,
          331.5991626571016,
          354.4395357160407,
          378.73749602511975,
          389.5138375897105,
          427.0693850077584,
          469.0,
          504.91982819686274,
          516.6840101133993,
          534.5485917326558,
          558.5602497613497,
          588.0,
          1000.0
        ],
        "profit": 375.0
      }
    ],
    "unvisited": [
      9,
      72,
      44,
      64,
      85,
      92,
      49,
      7,
      10,
      16,
      50,
      15,
      69,
      17,
      71,
      93,
      20,
      58,
      88,
      45,
      19,
      33,
      5,
      42,
      46,
      51,
      57,
      63,
      75,
      2,
      38,
      78,
      34,
      37,
      79,
      48,
      70,
      96,
      13,
      27,
      47,
      62,
      23,
      53,
      86,
      39,
      68,
      14,
      36,
      66,
      74,
      76,
      90,
      1,
      8,
      30,
      43,
      56,
      77,
      89,
      3,
      12,
      28,
      55,
      73,
      83,
      84,
      94,
      40,
      59,
      67,
      82,
      60,
      29,
      4,
      81
    ],
    "profit": 375.0,
    "distance": 616.519839105089
  },
  "time_relocate_0": 0.0,
  "time_relocate_1": 0.0,
  "time_relocate_2": 0.0,
  "time_exchange_0": 0.0,
  "time_exchange_1": 0.0,
  "time_exchange_2": 0.0,
  "time_two_opt": 0.0,
  "time_two_opt_star": 0.002
}
