{
  "instname": "pr12.txt",
  "N": 97,
  "m": 3,
  "param": {
    "problemName": "toptw",
    "authorId": "654321",
    "authorName": "Qian",
    "algoName": "ILS",
    "randomSeed": 3,
    "timeLimit": 60,
    "testSetPrefix": "",
    "testSetExtension": ".txt",
    "pathData": "data/toptw",
    "pathResultSol": "/Users/naiquh/box.nju/Seafile/code/teaching/teaching_toptw_java/result/toptw/ILS",
    "pathResultCsv": "/Users/naiquh/box.nju/Seafile/code/teaching/teaching_toptw_java/result/toptw/result_ILS.csv"
  },
  "time": 0.493,
  "obj": 797.0,
  "sol": {
    "routeList": [
      {
        "rList": [
          0,
          85,
          88,
          32,
          22,
          29,
          54,
          9,
          69,
          92,
          93,
          44,
          10,
          80,
          25,
          0
        ],
        "earliest": [
          0.0,
          50.27652949438734,
          121.28732738164,
          153.24860325373592,
          185.21356265765158,
          233.97060864755485,
          252.64534256202168,
          295.55028920490724,
          318.1214389508683,
          380.72853800724624,
          415.0123216368627,
          445.36773621407485,
          536.4144752100916,
          557.1540172795252,
          627.8222669415645,
          656.6939650930507
        ],
        "latest": [
          34.14217163388627,
          84.41870112827361,
          123.70602850991361,
          155.66730438200952,
          187.63226378592518,
          234.60287243348003,
          253.27760634794686,
          296.1825529908324,
          318.75370273679346,
          381.3608017931714,
          415.6445854227878,
          446.0,
          544.0,
          578.3317503379608,
          649.0,
          1000.0
        ],
        "profit": 292.0
      },
      {
        "rList": [
          0,
          65,
          78,
          6,
          50,
          51,
          24,
          2,
          67,
          15,
          21,
          52,
          61,
          45,
          35,
          72,
          33,
          47,
          59,
          0
        ],
        "earliest": [
          0.0,
          28.19919505943388,
          94.01908770212955,
          154.97062133615964,
          196.5295849343645,
          216.33876397980788,
          236.20642872436088,
          249.53626414627482,
          260.5007856601258,
          304.9155104087638,
          338.53618629487386,
          362.2117841914091,
          390.4273554928103,
          403.03025453906207,
          438.2893749398086,
          495.0279714099638,
          540.9836776734139,
          563.5977246191197,
          612.1446104180192,
          636.189177865628
        ],
        "latest": [
          49.58902074915697,
          77.78821580859085,
          95.8073035107204,
          156.7588371447505,
          198.31780074295534,
          218.12697978839876,
          237.99464453295175,
          251.3244799548657,
          262.2890014687167,
          306.7037262173547,
          340.32440210346476,
          364.0,
          393.3993840828465,
          406.0022831290983,
          441.26140352984487,
          498.0,
          550.0,
          584.4531142011006,
          633.0,
          1000.0
        ],
        "profit": 279.0
      },
      {
        "rList": [
          0,
          46,
          82,
          95,
          91,
          31,
          87,
          41,
          86,
          19,
          74,
          38,
          81,
          64,
          16,
          0
        ],
        "earliest": [
          0.0,
          45.85479386062051,
          99.5631206751014,
          144.75531093030403,
          189.4810648745522,
          227.03661229260013,
          302.40635787304853,
          363.3376109127075,
          390.5512218946078,
          409.8492016773907,
          419.08979730206136,
          454.284346223895,
          502.8141346911044,
          543.4041792660978,
          569.1390542175352,
          615.411465429791
        ],
        "latest": [
          17.296004461988808,
          63.15079832260932,
          101.71391899771072,
          146.90610925291335,
          191.63186319716152,
          229.18741061520944,
          304.55715619565785,
          365.4884092353168,
          392.7020202172171,
          412.0,
          424.95074308452615,
          460.1452920063598,
          508.6750804735692,
          549.2651250485626,
          575.0,
          1000.0
        ],
        "profit": 226.0
      }
    ],
    "unvisited": [
      49,
      7,
      17,
      71,
      20,
      58,
      4,
      5,
      42,
      57,
      63,
      75,
      26,
      34,
      37,
      79,
      48,
      60,
      70,
      13,
      27,
      62,
      23,
      53,
      39,
      68,
      14,
      36,
      66,
      76,
      90,
      1,
      8,
      30,
      43,
      56,
      77,
      3,
      12,
      28,
      55,
      73,
      83,
      18,
      84,
      94,
      40,
      89,
      96,
      11
    ],
    "profit": 797.0,
    "distance": 1908.2946083884697
  },
  "time_relocate_0": 0.0,
  "time_relocate_1": 0.0,
  "time_relocate_2": 0.057000000000000044,
  "time_exchange_0": 0.0,
  "time_exchange_1": 0.0,
  "time_exchange_2": 0.0,
  "time_two_opt": 0.0,
  "time_two_opt_star": 0.1340000000000001
}
