{
  "instname": "pr09.txt",
  "N": 217,
  "m": 1,
  "param": {
    "problemName": "toptw",
    "authorId": "654321",
    "authorName": "Qian",
    "algoName": "ILS",
    "randomSeed": 3,
    "timeLimit": 60,
    "testSetPrefix": "",
    "testSetExtension": ".txt",
    "pathData": "data/toptw",
    "pathResultSol": "/Users/naiquh/box.nju/Seafile/code/teaching/teaching_toptw_java/result/toptw/ILS",
    "pathResultCsv": "/Users/naiquh/box.nju/Seafile/code/teaching/teaching_toptw_java/result/toptw/result_ILS.csv"
  },
  "time": 0.558,
  "obj": 396.0,
  "sol": {
    "routeList": [
      {
        "rList": [
          0,
          158,
          29,
          191,
          192,
          138,
          71,
          97,
          50,
          96,
          8,
          195,
          21,
          156,
          16,
          108,
          127,
          51,
          116,
          170,
          73,
          175,
          0
        ],
        "earliest": [
          0.0,
          41.969162119346635,
          109.85176780996512,
          155.54192259430639,
          170.44703480972322,
          221.6659926604329,
          256.47507708217233,
          272.61991650027113,
          300.81998193223774,
          331.6345740385124,
          344.1276960204458,
          380.069553105088,
          421.772018052427,
          435.14750840900666,
          450.69787748724497,
          458.5672537306667,
          469.3329434552357,
          499.96548792728896,
          515.1397406271191,
          546.4609430950746,
          563.8261628984748,
          599.0506924926359,
          649.740064725825
        ],
        "latest": [
          19.730271181708034,
          61.69943330105467,
          111.5512011110198,
          157.24135589536107,
          172.1464681107779,
          223.36542596148757,
          257.8405030436599,
          273.9853424617587,
          302.1854078937253,
          333.0,
          346.16220809315683,
          382.10406517779904,
          423.806530125138,
          437.1820204817177,
          452.732389559956,
          460.60176580337776,
          471.36745552794673,
          502.0,
          518.0890481344832,
          549.4102506024387,
          566.7754704058389,
          602.0,
          1000.0
        ],
        "profit": 396.0
      }
    ],
    "unvisited": [
      126,
      182,
      208,
      213,
      214,
      24,
      39,
      49,
      72,
      78,
      105,
      135,
      196,
      75,
      107,
      117,
      129,
      137,
      140,
      148,
      210,
      23,
      80,
      118,
      19,
      74,
      77,
      103,
      184,
      68,
      87,
      91,
      163,
      202,
      15,
      27,
      88,
      89,
      90,
      106,
      157,
      165,
      166,
      180,
      194,
      37,
      94,
      98,
      141,
      186,
      10,
      14,
      57,
      64,
      152,
      164,
      193,
      204,
      205,
      2,
      32,
      109,
      167,
      206,
      215,
      4,
      53,
      85,
      93,
      102,
      143,
      177,
      212,
      9,
      59,
      113,
      120,
      161,
      6,
      20,
      34,
      45,
      67,
      69,
      122,
      128,
      176,
      201,
      48,
      61,
      121,
      139,
      151,
      12,
      25,
      28,
      35,
      54,
      63,
      83,
      114,
      119,
      123,
      144,
      47,
      76,
      84,
      112,
      159,
      179,
      200,
      211,
      36,
      79,
      86,
      110,
      124,
      133,
      149,
      160,
      171,
      207,
      3,
      7,
      11,
      13,
      18,
      99,
      130,
      132,
      145,
      190,
      38,
      55,
      60,
      66,
      131,
      136,
      185,
      199,
      26,
      82,
      104,
      125,
      147,
      197,
      31,
      40,
      42,
      43,
      52,
      62,
      142,
      154,
      22,
      30,
      70,
      115,
      162,
      168,
      178,
      1,
      44,
      56,
      65,
      81,
      100,
      183,
      187,
      17,
      33,
      41,
      46,
      95,
      101,
      134,
      146,
      153,
      172,
      189,
      198,
      92,
      111,
      150,
      155,
      169,
      174,
      181,
      188,
      203,
      209,
      216,
      173,
      5,
      58
    ],
    "profit": 396.0,
    "distance": 649.740064725825
  },
  "time_relocate_0": 0.0,
  "time_relocate_1": 0.0,
  "time_relocate_2": 0.0,
  "time_exchange_0": 0.0,
  "time_exchange_1": 0.0,
  "time_exchange_2": 0.0,
  "time_two_opt": 0.0,
  "time_two_opt_star": 0.001
}
