{
  "instname": "pr01.txt",
  "N": 49,
  "m": 1,
  "param": {
    "problemName": "toptw",
    "authorId": "654321",
    "authorName": "Qian",
    "algoName": "ILS",
    "randomSeed": 3,
    "timeLimit": 60,
    "testSetPrefix": "",
    "testSetExtension": ".txt",
    "pathData": "data/toptw",
    "pathResultSol": "/Users/naiquh/box.nju/Seafile/code/teaching/teaching_toptw_java/result/toptw/ILS",
    "pathResultCsv": "/Users/naiquh/box.nju/Seafile/code/teaching/teaching_toptw_java/result/toptw/result_ILS.csv"
  },
  "time": 0.176,
  "obj": 285.0,
  "sol": {
    "routeList": [
      {
        "rList": [
          0,
          9,
          47,
          24,
          12,
          38,
          30,
          2,
          32,
          37,
          10,
          11,
          45,
          41,
          36,
          16,
          35,
          7,
          34,
          22,
          0
        ],
        "earliest": [
          0.0,
          22.46005149148149,
          118.26021523119812,
          137.2102951202974,
          154.67964181194318,
          173.36694611189722,
          218.25051772998165,
          240.351370096654,
          267.42149515854635,
          284.62694621675513,
          312.55069967636246,
          319.4380686133325,
          330.33530574134255,
          382.21065066123793,
          410.9393732551577,
          449.97085052787503,
          528.8872237373826,
          548.3122852283459,
          571.28684843333,
          598.4386240798331,
          656.8331820937425
        ],
        "latest": [
          54.99288484399048,
          77.45293633547197,
          123.71315156667009,
          137.92344668696748,
          155.39279337861328,
          174.0800976785673,
          218.96366929665174,
          241.0645216633241,
          268.13464672521644,
          285.3400977834252,
          313.26385124303255,
          320.1512201800026,
          331.04845730801264,
          382.923802227908,
          411.6525248218278,
          450.6840020945451,
          529.6003753040526,
          549.0254367950159,
          572.0,
          607.0,
          1000.0
        ],
        "profit": 285.0
      }
    ],
    "unvisited": [
      21,
      43,
      42,
      8,
      29,
      33,
      46,
      18,
      3,
      20,
      27,
      40,
      23,
      25,
      39,
      5,
      31,
      48,
      13,
      14,
      26,
      4,
      6,
      17,
      19,
      44,
      15,
      28,
      1
    ],
    "profit": 285.0,
    "distance": 656.8331820937425
  },
  "time_relocate_0": 0.0,
  "time_relocate_1": 0.0,
  "time_relocate_2": 0.0,
  "time_exchange_0": 0.0,
  "time_exchange_1": 0.0,
  "time_exchange_2": 0.0,
  "time_two_opt": 0.0,
  "time_two_opt_star": 0.0
}
