{
  "instname": "pr06.txt",
  "N": 289,
  "m": 2,
  "param": {
    "problemName": "toptw",
    "authorId": "654321",
    "authorName": "Qian",
    "algoName": "ILS",
    "randomSeed": 3,
    "timeLimit": 60,
    "testSetPrefix": "",
    "testSetExtension": ".txt",
    "pathData": "data/toptw",
    "pathResultSol": "/Users/naiquh/box.nju/Seafile/code/teaching/teaching_toptw_java/result/toptw/ILS",
    "pathResultCsv": "/Users/naiquh/box.nju/Seafile/code/teaching/teaching_toptw_java/result/toptw/result_ILS.csv"
  },
  "time": 0.533,
  "obj": 808.0,
  "sol": {
    "routeList": [
      {
        "rList": [
          0,
          249,
          176,
          268,
          156,
          38,
          135,
          177,
          114,
          111,
          118,
          190,
          39,
          172,
          40,
          237,
          151,
          261,
          215,
          33,
          228,
          167,
          197,
          286,
          0
        ],
        "earliest": [
          0.0,
          11.897588495153123,
          111.9814654450059,
          137.80688112926688,
          177.99487427227086,
          190.03123078683151,
          212.48278540568114,
          228.2712642873303,
          249.60354428793076,
          270.37158940628535,
          297.6633740739778,
          322.42372542655676,
          340.193872252475,
          344.5832759437754,
          383.20408679665803,
          414.8077074047334,
          447.701920960562,
          486.5187322090002,
          531.2313046432062,
          537.3949430549087,
          556.5518114343048,
          566.2519051363826,
          603.1090488601667,
          622.5051154943858,
          692.1646299528164
        ],
        "latest": [
          57.61962609916572,
          69.51721459431884,
          112.49868003932474,
          138.32409572358574,
          178.51208886658972,
          190.54844538115037,
          213.0,
          240.00434592542172,
          261.3366259260222,
          272.70821533230753,
          300.0,
          327.4455064278726,
          345.21565325379083,
          349.60505694509123,
          383.80914374174927,
          415.4127643498246,
          448.30697790565324,
          487.1237891540914,
          531.8363615882974,
          538.0,
          563.0,
          574.1428562762159,
          611.0,
          641.0,
          1000.0
        ],
        "profit": 457.0
      },
      {
        "rList": [
          0,
          174,
          134,
          88,
          267,
          195,
          219,
          50,
          170,
          18,
          209,
          232,
          188,
          127,
          230,
          143,
          246,
          121,
          124,
          93,
          0
        ],
        "earliest": [
          0.0,
          44.91980082324498,
          92.83983736040352,
          149.28650299166847,
          165.43125498532,
          173.14165366448142,
          210.18784278461777,
          263.8356177687284,
          277.8083356180126,
          298.54318393989007,
          311.4937816409618,
          340.1839816395009,
          353.29050073298555,
          373.2251384984464,
          441.24344930632844,
          453.0936686439879,
          489.7966686608212,
          534.9321985935678,
          562.0763772723437,
          620.5538845761681,
          724.8171862133846
        ],
        "latest": [
          25.83674987042655,
          70.75655069367153,
          93.59638805407505,
          150.04305368534,
          166.18780567899154,
          173.89820435815295,
          210.9443934782893,
          264.59216846239997,
          278.5648863116842,
          299.2997346335616,
          312.25033233463336,
          340.9405323331725,
          354.0470514266571,
          373.981689192118,
          442.0,
          454.5397840678198,
          491.2427840846531,
          536.3783140173997,
          563.5224926961756,
          622.0,
          1000.0
        ],
        "profit": 351.0
      }
    ],
    "unvisited": [
      70,
      149,
      154,
      11,
      130,
      205,
      220,
      256,
      20,
      27,
      31,
      110,
      119,
      198,
      213,
      269,
      287,
      34,
      78,
      128,
      133,
      155,
      193,
      227,
      2,
      106,
      116,
      158,
      282,
      14,
      16,
      86,
      90,
      234,
      248,
      255,
      265,
      270,
      1,
      6,
      8,
      15,
      30,
      67,
      82,
      136,
      147,
      179,
      182,
      224,
      225,
      41,
      74,
      87,
      113,
      153,
      194,
      203,
      218,
      254,
      3,
      7,
      22,
      23,
      44,
      57,
      92,
      226,
      245,
      25,
      51,
      58,
      112,
      123,
      168,
      173,
      184,
      196,
      214,
      250,
      257,
      284,
      26,
      28,
      54,
      56,
      103,
      164,
      166,
      192,
      221,
      242,
      263,
      271,
      275,
      95,
      122,
      157,
      169,
      202,
      240,
      241,
      244,
      259,
      262,
      272,
      49,
      73,
      129,
      131,
      138,
      181,
      189,
      201,
      29,
      48,
      55,
      91,
      96,
      125,
      223,
      273,
      276,
      80,
      89,
      120,
      152,
      165,
      206,
      229,
      239,
      32,
      43,
      83,
      85,
      105,
      216,
      231,
      247,
      253,
      260,
      13,
      60,
      75,
      79,
      97,
      102,
      126,
      150,
      160,
      171,
      217,
      117,
      137,
      277,
      281,
      285,
      45,
      53,
      99,
      100,
      238,
      264,
      4,
      5,
      21,
      65,
      81,
      108,
      146,
      186,
      210,
      211,
      222,
      233,
      235,
      288,
      12,
      36,
      76,
      101,
      141,
      148,
      178,
      191,
      204,
      207,
      212,
      280,
      283,
      17,
      35,
      42,
      46,
      61,
      64,
      71,
      72,
      104,
      132,
      163,
      175,
      236,
      274,
      10,
      24,
      47,
      62,
      94,
      144,
      187,
      251,
      9,
      19,
      52,
      69,
      107,
      142,
      145,
      161,
      162,
      180,
      183,
      185,
      243,
      258,
      278,
      37,
      59,
      63,
      66,
      68,
      84,
      98,
      109,
      115,
      139,
      140,
      159,
      199,
      200,
      208,
      266,
      279,
      77,
      252
    ],
    "profit": 808.0,
    "distance": 1416.981816166201
  },
  "time_relocate_0": 0.0,
  "time_relocate_1": 0.0,
  "time_relocate_2": 0.02000000000000001,
  "time_exchange_0": 0.0,
  "time_exchange_1": 0.0,
  "time_exchange_2": 0.0,
  "time_two_opt": 0.0,
  "time_two_opt_star": 0.03900000000000003
}
