{
  "instname": "pr14.txt",
  "N": 193,
  "m": 1,
  "param": {
    "problemName": "toptw",
    "authorId": "654321",
    "authorName": "Qian",
    "algoName": "ILS",
    "randomSeed": 3,
    "timeLimit": 60,
    "testSetPrefix": "",
    "testSetExtension": ".txt",
    "pathData": "data/toptw",
    "pathResultSol": "/Users/naiquh/box.nju/Seafile/code/teaching/teaching_toptw_java/result/toptw/ILS",
    "pathResultCsv": "/Users/naiquh/box.nju/Seafile/code/teaching/teaching_toptw_java/result/toptw/result_ILS.csv"
  },
  "time": 0.243,
  "obj": 416.0,
  "sol": {
    "routeList": [
      {
        "rList": [
          0,
          65,
          42,
          56,
          177,
          9,
          174,
          106,
          22,
          168,
          101,
          185,
          44,
          17,
          8,
          153,
          180,
          12,
          155,
          131,
          80,
          176,
          95,
          66,
          0
        ],
        "earliest": [
          0.0,
          32.38171244699699,
          111.74009304238182,
          124.39968251512629,
          137.6890292189883,
          155.38764857171196,
          190.0184278631371,
          240.32978603148896,
          265.72078453573096,
          287.8960112169261,
          312.0552553495815,
          334.97267237349195,
          344.523010382915,
          352.3095654071469,
          364.8555620409412,
          411.1040069996906,
          433.6469486098885,
          473.5420649982639,
          508.9393318471931,
          526.6791681503717,
          539.153412593792,
          548.3968337813654,
          568.1524221550188,
          623.5219113501716,
          657.8649865968846
        ],
        "latest": [
          29.46586539798414,
          61.84757784498113,
          113.58767088736295,
          126.24726036010742,
          139.53660706396943,
          157.23522641669308,
          191.86600570811825,
          242.1773638764701,
          267.56836238071213,
          289.7435890619073,
          313.9028331945627,
          336.8202502184731,
          346.3705882278962,
          354.1571432521281,
          366.7031398859224,
          412.9515848446718,
          435.4945264548697,
          475.3896428432451,
          510.7869096921743,
          528.5267459953528,
          541.0009904387732,
          550.2444116263466,
          570.0,
          629.0,
          1000.0
        ],
        "profit": 416.0
      }
    ],
    "unvisited": [
      23,
      60,
      91,
      117,
      137,
      186,
      188,
      36,
      51,
      85,
      90,
      97,
      144,
      3,
      107,
      120,
      152,
      16,
      26,
      37,
      47,
      89,
      113,
      121,
      191,
      20,
      61,
      67,
      110,
      127,
      179,
      30,
      104,
      146,
      25,
      32,
      39,
      62,
      109,
      133,
      175,
      189,
      190,
      58,
      31,
      38,
      57,
      81,
      118,
      142,
      161,
      4,
      5,
      53,
      98,
      151,
      157,
      52,
      76,
      99,
      132,
      139,
      158,
      178,
      10,
      79,
      103,
      108,
      123,
      138,
      35,
      86,
      165,
      18,
      33,
      41,
      71,
      72,
      140,
      147,
      149,
      1,
      2,
      14,
      135,
      141,
      159,
      160,
      172,
      13,
      21,
      63,
      119,
      128,
      129,
      148,
      154,
      169,
      187,
      19,
      24,
      49,
      54,
      84,
      92,
      102,
      150,
      163,
      171,
      50,
      75,
      77,
      93,
      94,
      145,
      29,
      78,
      96,
      100,
      114,
      116,
      134,
      11,
      48,
      69,
      83,
      105,
      111,
      183,
      184,
      46,
      73,
      74,
      82,
      87,
      130,
      192,
      27,
      28,
      40,
      88,
      143,
      170,
      181,
      45,
      122,
      162,
      173,
      182,
      6,
      15,
      34,
      43,
      59,
      64,
      68,
      70,
      125,
      126,
      136,
      156,
      167,
      7,
      55,
      112,
      164,
      166,
      115,
      124
    ],
    "profit": 416.0,
    "distance": 657.8649865968846
  },
  "time_relocate_0": 0.0,
  "time_relocate_1": 0.0,
  "time_relocate_2": 0.001,
  "time_exchange_0": 0.0,
  "time_exchange_1": 0.0,
  "time_exchange_2": 0.0,
  "time_two_opt": 0.0,
  "time_two_opt_star": 0.0
}
