{
  "instname": "pr16.txt",
  "N": 289,
  "m": 2,
  "param": {
    "problemName": "toptw",
    "authorId": "654321",
    "authorName": "Qian",
    "algoName": "ILS",
    "randomSeed": 3,
    "timeLimit": 60,
    "testSetPrefix": "",
    "testSetExtension": ".txt",
    "pathData": "data/toptw",
    "pathResultSol": "/Users/naiquh/box.nju/Seafile/code/teaching/teaching_toptw_java/result/toptw/ILS",
    "pathResultCsv": "/Users/naiquh/box.nju/Seafile/code/teaching/teaching_toptw_java/result/toptw/result_ILS.csv"
  },
  "time": 0.711,
  "obj": 830.0,
  "sol": {
    "routeList": [
      {
        "rList": [
          0,
          90,
          285,
          11,
          170,
          50,
          151,
          88,
          219,
          228,
          215,
          230,
          149,
          197,
          34,
          287,
          78,
          130,
          127,
          261,
          116,
          143,
          122,
          0
        ],
        "earliest": [
          0.0,
          26.89825143015806,
          117.44814316733786,
          136.21603142427446,
          187.4163005800423,
          201.38901842932648,
          228.63398380360573,
          256.96329211903884,
          273.1514766902729,
          312.2732421928918,
          325.3454033402923,
          347.5996050116159,
          363.73145375832985,
          390.67601601955266,
          403.23342773725005,
          420.26339443694104,
          463.6276724672734,
          496.55267819533447,
          524.9966782325258,
          551.9023672749754,
          586.7880698770721,
          610.4276142976163,
          621.8202540506577,
          706.2297800905302
        ],
        "latest": [
          45.549070374507565,
          72.44732180466562,
          117.89546497200348,
          136.66335322894008,
          187.86362238470792,
          201.8363402339921,
          229.08130560827135,
          257.41061392370443,
          273.5987984949385,
          312.7205639975574,
          325.7927251449579,
          348.0469268162815,
          364.1787755629954,
          391.1233378242182,
          403.6807495419156,
          420.7107162416066,
          464.0749942719389,
          497.0,
          533.1764241818681,
          560.0821132243177,
          594.9678158264144,
          618.6073602469586,
          630.0,
          1000.0
        ],
        "profit": 447.0
      },
      {
        "rList": [
          0,
          43,
          70,
          67,
          176,
          99,
          279,
          220,
          213,
          256,
          39,
          172,
          135,
          156,
          49,
          3,
          269,
          111,
          184,
          25,
          0
        ],
        "earliest": [
          0.0,
          72.25415451723174,
          89.1968730101043,
          176.30615033938693,
          204.65897166019562,
          251.03066396758575,
          264.52103345771695,
          337.47039162511277,
          364.4602296934914,
          379.8232762024279,
          419.71691741861,
          424.1063211099104,
          466.0622474820486,
          488.66861513088685,
          504.5649856275247,
          522.4548061848483,
          532.5502332776241,
          554.966374688496,
          573.1165542834622,
          622.5990121532184,
          655.3890591483246
        ],
        "latest": [
          1.3313848691131653,
          73.5855393863449,
          90.52825787921746,
          177.63753520850008,
          205.99035652930877,
          252.3620488366989,
          265.8524183268301,
          338.8017764942259,
          365.79161456260454,
          381.15466107154106,
          421.0483022877232,
          425.4377059790236,
          467.3936323511617,
          490.0,
          507.0147523499006,
          524.9045729072242,
          535.0,
          561.8498204050338,
          580.0,
          630.0,
          1000.0
        ],
        "profit": 383.0
      }
    ],
    "unvisited": [
      40,
      124,
      154,
      237,
      205,
      246,
      267,
      286,
      20,
      27,
      31,
      33,
      110,
      119,
      198,
      118,
      128,
      133,
      155,
      193,
      227,
      268,
      2,
      106,
      158,
      195,
      209,
      282,
      14,
      16,
      86,
      177,
      188,
      234,
      248,
      255,
      265,
      270,
      1,
      6,
      8,
      15,
      30,
      82,
      136,
      147,
      179,
      182,
      224,
      225,
      41,
      74,
      87,
      113,
      134,
      153,
      194,
      203,
      218,
      254,
      7,
      22,
      23,
      44,
      57,
      92,
      226,
      232,
      245,
      51,
      58,
      93,
      112,
      123,
      168,
      173,
      196,
      214,
      250,
      257,
      284,
      26,
      28,
      54,
      56,
      103,
      121,
      164,
      166,
      167,
      192,
      242,
      263,
      271,
      275,
      95,
      157,
      169,
      202,
      240,
      241,
      244,
      259,
      262,
      272,
      73,
      129,
      131,
      138,
      181,
      189,
      201,
      29,
      48,
      55,
      77,
      91,
      96,
      125,
      223,
      273,
      276,
      38,
      80,
      89,
      120,
      152,
      165,
      206,
      229,
      239,
      249,
      252,
      32,
      83,
      85,
      105,
      174,
      231,
      247,
      253,
      260,
      13,
      60,
      75,
      79,
      97,
      102,
      126,
      150,
      160,
      171,
      190,
      217,
      117,
      137,
      277,
      281,
      45,
      53,
      100,
      238,
      264,
      4,
      5,
      21,
      65,
      81,
      108,
      146,
      186,
      210,
      211,
      222,
      233,
      235,
      288,
      12,
      36,
      76,
      101,
      141,
      148,
      178,
      191,
      204,
      207,
      212,
      280,
      283,
      17,
      35,
      42,
      46,
      61,
      64,
      71,
      72,
      104,
      132,
      163,
      175,
      236,
      274,
      10,
      18,
      24,
      47,
      62,
      94,
      144,
      187,
      251,
      9,
      19,
      52,
      69,
      107,
      142,
      145,
      161,
      162,
      180,
      183,
      185,
      243,
      258,
      278,
      37,
      59,
      63,
      66,
      68,
      84,
      98,
      109,
      114,
      115,
      139,
      140,
      159,
      199,
      200,
      208,
      266,
      216,
      221
    ],
    "profit": 830.0,
    "distance": 1361.618839238855
  },
  "time_relocate_0": 0.0,
  "time_relocate_1": 0.0,
  "time_relocate_2": 0.014000000000000005,
  "time_exchange_0": 0.0,
  "time_exchange_1": 0.0,
  "time_exchange_2": 0.0,
  "time_two_opt": 0.0,
  "time_two_opt_star": 0.04900000000000004
}
