{
  "instname": "pr19.txt",
  "N": 217,
  "m": 1,
  "param": {
    "problemName": "toptw",
    "authorId": "654321",
    "authorName": "Qian",
    "algoName": "ILS",
    "randomSeed": 3,
    "timeLimit": 60,
    "testSetPrefix": "",
    "testSetExtension": ".txt",
    "pathData": "data/toptw",
    "pathResultSol": "/Users/naiquh/box.nju/Seafile/code/teaching/teaching_toptw_java/result/toptw/ILS",
    "pathResultCsv": "/Users/naiquh/box.nju/Seafile/code/teaching/teaching_toptw_java/result/toptw/result_ILS.csv"
  },
  "time": 0.744,
  "obj": 412.0,
  "sol": {
    "routeList": [
      {
        "rList": [
          0,
          214,
          78,
          117,
          120,
          4,
          152,
          115,
          80,
          94,
          28,
          213,
          66,
          184,
          83,
          139,
          146,
          126,
          68,
          135,
          190,
          29,
          105,
          23,
          177,
          0
        ],
        "earliest": [
          0.0,
          25.88046237994986,
          105.58802075249054,
          131.4097078784379,
          175.39627709115592,
          203.38232200975816,
          238.32721489117947,
          255.63911272963426,
          260.10433148174786,
          270.4943841010225,
          303.15100321833324,
          319.2305993999291,
          334.44976626081524,
          371.2008348630899,
          387.9112167550011,
          397.7811596486366,
          419.3636848459084,
          426.2494363819693,
          439.6899363699967,
          473.9973631771885,
          515.4261209661269,
          542.1783813869991,
          591.656977506875,
          600.5499664706884,
          640.4180268637205,
          685.2712931952816
        ],
        "latest": [
          45.693416653923265,
          71.57387903387313,
          108.16189978636366,
          133.983586912311,
          177.97015612502904,
          205.95620104363127,
          240.90109392505258,
          258.2129917635074,
          262.678210515621,
          273.06826313489563,
          305.7248822522064,
          321.8044784338022,
          337.0236452946884,
          373.774713896963,
          390.4850957888742,
          400.35503868250976,
          421.9375638797815,
          428.82331541584244,
          442.26381540386984,
          476.57124221106164,
          518.0,
          547.0,
          604.2389506431546,
          613.131939606968,
          653.0,
          1000.0
        ],
        "profit": 412.0
      }
    ],
    "unvisited": [
      96,
      182,
      208,
      8,
      24,
      39,
      49,
      72,
      173,
      195,
      196,
      73,
      75,
      107,
      116,
      129,
      137,
      140,
      148,
      210,
      118,
      19,
      50,
      74,
      77,
      103,
      127,
      138,
      170,
      175,
      87,
      91,
      97,
      156,
      163,
      202,
      15,
      27,
      88,
      89,
      90,
      157,
      165,
      166,
      180,
      192,
      194,
      37,
      51,
      98,
      141,
      186,
      10,
      14,
      21,
      57,
      64,
      164,
      193,
      204,
      205,
      2,
      32,
      108,
      109,
      167,
      206,
      215,
      53,
      85,
      93,
      102,
      143,
      212,
      9,
      58,
      59,
      113,
      161,
      6,
      16,
      20,
      34,
      45,
      67,
      69,
      122,
      128,
      158,
      176,
      201,
      5,
      48,
      61,
      121,
      151,
      12,
      25,
      35,
      54,
      63,
      114,
      119,
      123,
      47,
      76,
      84,
      112,
      159,
      179,
      191,
      200,
      211,
      36,
      79,
      86,
      110,
      124,
      133,
      149,
      160,
      207,
      3,
      7,
      11,
      13,
      18,
      99,
      130,
      132,
      145,
      38,
      55,
      60,
      131,
      136,
      185,
      199,
      26,
      82,
      104,
      125,
      147,
      197,
      31,
      40,
      42,
      43,
      52,
      62,
      142,
      154,
      22,
      30,
      70,
      162,
      168,
      178,
      1,
      44,
      56,
      65,
      71,
      81,
      100,
      183,
      187,
      17,
      33,
      41,
      46,
      95,
      101,
      134,
      153,
      172,
      189,
      198,
      92,
      111,
      150,
      155,
      169,
      174,
      181,
      188,
      203,
      209,
      216,
      106,
      144,
      171
    ],
    "profit": 412.0,
    "distance": 685.2712931952816
  },
  "time_relocate_0": 0.0,
  "time_relocate_1": 0.0,
  "time_relocate_2": 0.0,
  "time_exchange_0": 0.0,
  "time_exchange_1": 0.0,
  "time_exchange_2": 0.0,
  "time_two_opt": 0.0,
  "time_two_opt_star": 0.0
}
