{
  "instname": "pr20.txt",
  "N": 289,
  "m": 2,
  "param": {
    "problemName": "toptw",
    "authorId": "654321",
    "authorName": "Qian",
    "algoName": "ILS",
    "randomSeed": 3,
    "timeLimit": 60,
    "testSetPrefix": "",
    "testSetExtension": ".txt",
    "pathData": "data/toptw",
    "pathResultSol": "/Users/naiquh/box.nju/Seafile/code/teaching/teaching_toptw_java/result/toptw/ILS",
    "pathResultCsv": "/Users/naiquh/box.nju/Seafile/code/teaching/teaching_toptw_java/result/toptw/result_ILS.csv"
  },
  "time": 0.853,
  "obj": 910.0,
  "sol": {
    "routeList": [
      {
        "rList": [
          0,
          161,
          249,
          51,
          42,
          21,
          208,
          155,
          44,
          88,
          101,
          56,
          242,
          72,
          115,
          109,
          185,
          27,
          110,
          128,
          158,
          181,
          228,
          143,
          207,
          0
        ],
        "earliest": [
          0.0,
          22.328645010389682,
          105.26336429598942,
          136.72673330085215,
          175.26546246580412,
          186.60646540310128,
          195.82694080296244,
          209.25533571139692,
          231.42854681765627,
          251.8497733663295,
          268.7116064968689,
          271.60877596742233,
          293.51063608393457,
          315.5591384711362,
          336.4114895913436,
          359.7691691995025,
          376.2041817061185,
          398.46287870128606,
          409.7328620575256,
          433.4722771719534,
          456.13985743164096,
          483.93947014764996,
          533.9238459086894,
          616.5061627537059,
          638.0265658734705,
          693.3303398648511
        ],
        "latest": [
          52.16519223590434,
          74.49383724629402,
          105.75720154228344,
          137.22057054714617,
          175.75929971209814,
          187.1003026493953,
          196.32077804925646,
          209.74917295769094,
          231.9223840639503,
          252.3436106126235,
          269.20544374316296,
          272.1026132137164,
          294.0044733302286,
          316.05297571743023,
          336.90532683763763,
          360.2630064457966,
          376.69801895241255,
          398.9567159475801,
          410.22669930381966,
          433.96611441824746,
          456.633694677935,
          484.433307393944,
          534.4176831549835,
          617.0,
          646.0,
          1000.0
        ],
        "profit": 473.0
      },
      {
        "rList": [
          0,
          9,
          160,
          179,
          108,
          35,
          205,
          232,
          114,
          267,
          226,
          277,
          129,
          260,
          206,
          14,
          54,
          62,
          288,
          23,
          142,
          96,
          271,
          0
        ],
        "earliest": [
          0.0,
          30.323059509224993,
          104.61358699973961,
          117.01957873183167,
          129.00668790849878,
          158.8850879538434,
          193.59067324739118,
          200.20022723883113,
          228.29324958776814,
          254.3883105001535,
          269.2120028813307,
          304.7973545549669,
          306.43485122162485,
          329.6815474589225,
          376.60411681040176,
          392.5228967225683,
          404.76930791320916,
          424.79587784454833,
          445.3794951727221,
          471.4027115817381,
          499.4010119706351,
          526.3113057282688,
          621.7612896263643,
          718.0101264771976
        ],
        "latest": [
          54.072823680373205,
          84.3958831895982,
          105.0094701893378,
          117.41546192142987,
          129.40257109809698,
          159.2809711434416,
          193.9865564369894,
          200.59611042842934,
          228.68913277736635,
          254.7841936897517,
          269.60788607092894,
          305.1932377445651,
          306.8307344112231,
          330.07743064852076,
          377.0,
          393.75358880935914,
          406.0,
          429.0345882181841,
          449.6182055463579,
          475.6414219553739,
          503.6397223442709,
          530.5500161019046,
          626.0,
          1000.0
        ],
        "profit": 437.0
      }
    ],
    "unvisited": [
      73,
      74,
      94,
      173,
      195,
      243,
      245,
      285,
      11,
      63,
      85,
      172,
      194,
      234,
      254,
      263,
      4,
      50,
      67,
      69,
      71,
      86,
      100,
      105,
      111,
      177,
      188,
      60,
      89,
      162,
      183,
      219,
      2,
      7,
      34,
      120,
      123,
      178,
      180,
      191,
      210,
      220,
      75,
      116,
      141,
      46,
      102,
      126,
      231,
      258,
      281,
      25,
      32,
      49,
      136,
      146,
      168,
      170,
      198,
      213,
      279,
      28,
      29,
      38,
      52,
      119,
      125,
      140,
      150,
      166,
      196,
      221,
      255,
      278,
      8,
      39,
      92,
      97,
      182,
      225,
      59,
      77,
      117,
      149,
      187,
      217,
      227,
      229,
      273,
      275,
      276,
      280,
      18,
      36,
      41,
      57,
      144,
      152,
      209,
      244,
      265,
      270,
      272,
      16,
      17,
      64,
      112,
      133,
      159,
      163,
      171,
      233,
      236,
      246,
      247,
      262,
      284,
      81,
      87,
      91,
      118,
      151,
      200,
      239,
      251,
      22,
      26,
      53,
      135,
      184,
      192,
      248,
      268,
      287,
      1,
      5,
      19,
      45,
      104,
      121,
      127,
      137,
      147,
      164,
      186,
      197,
      261,
      283,
      6,
      55,
      65,
      76,
      99,
      103,
      282,
      3,
      40,
      70,
      83,
      93,
      131,
      132,
      222,
      58,
      80,
      98,
      134,
      139,
      154,
      156,
      176,
      230,
      259,
      24,
      47,
      95,
      130,
      204,
      237,
      15,
      82,
      107,
      148,
      157,
      216,
      218,
      250,
      253,
      269,
      13,
      37,
      48,
      61,
      78,
      122,
      165,
      201,
      211,
      214,
      215,
      223,
      224,
      235,
      238,
      240,
      241,
      252,
      256,
      10,
      33,
      66,
      124,
      153,
      264,
      274,
      12,
      68,
      106,
      113,
      145,
      167,
      169,
      174,
      175,
      193,
      199,
      266,
      30,
      31,
      43,
      79,
      84,
      190,
      202,
      212,
      257,
      286,
      20,
      90,
      203,
      189,
      138
    ],
    "profit": 910.0,
    "distance": 1411.3404663420488
  },
  "time_relocate_0": 0.0,
  "time_relocate_1": 0.0,
  "time_relocate_2": 0.036000000000000025,
  "time_exchange_0": 0.0,
  "time_exchange_1": 0.0,
  "time_exchange_2": 0.0,
  "time_two_opt": 0.0,
  "time_two_opt_star": 0.04400000000000003
}
