{
  "instname": "pr12.txt",
  "N": 97,
  "m": 1,
  "param": {
    "problemName": "toptw",
    "authorId": "654321",
    "authorName": "Qian",
    "algoName": "ILS",
    "randomSeed": 3,
    "timeLimit": 60,
    "testSetPrefix": "",
    "testSetExtension": ".txt",
    "pathData": "data/toptw",
    "pathResultSol": "/Users/naiquh/box.nju/Seafile/code/teaching/teaching_toptw_java/result/toptw/ILS",
    "pathResultCsv": "/Users/naiquh/box.nju/Seafile/code/teaching/teaching_toptw_java/result/toptw/result_ILS.csv"
  },
  "time": 0.165,
  "obj": 363.0,
  "sol": {
    "routeList": [
      {
        "rList": [
          0,
          46,
          29,
          95,
          60,
          87,
          1,
          65,
          78,
          32,
          47,
          85,
          57,
          54,
          11,
          79,
          91,
          21,
          41,
          81,
          16,
          64,
          25,
          0
        ],
        "earliest": [
          0.0,
          45.85479386062051,
          95.86949901069107,
          120.25337301169449,
          150.8360484366557,
          166.46781009435963,
          202.06944355340735,
          220.18125711404548,
          238.20034481617503,
          255.74337814149152,
          272.9953707157437,
          306.1763470300849,
          356.5511167560228,
          372.91634757385873,
          385.91512398028493,
          397.77736515937505,
          421.8931658451314,
          441.5408934267942,
          479.9447664206201,
          509.2371313148359,
          549.4486930182477,
          560.1835679696851,
          626.8879628516646,
          655.7596610031508
        ],
        "latest": [
          21.359359554829688,
          67.2141534154502,
          102.08365242614127,
          120.33702543783576,
          150.91970086279696,
          166.5514625205009,
          202.15309597954862,
          220.26490954018675,
          238.2839972423163,
          255.8270305676328,
          273.079023141885,
          306.2599994562262,
          356.63476918216406,
          373.0,
          388.67799266544904,
          400.54023384453916,
          424.6560345302955,
          444.3037621119583,
          482.7076351057842,
          512.0,
          571.5607301665831,
          582.2956051180205,
          649.0,
          1000.0
        ],
        "profit": 363.0
      }
    ],
    "unvisited": [
      9,
      52,
      22,
      31,
      72,
      92,
      49,
      7,
      10,
      50,
      6,
      15,
      35,
      69,
      80,
      17,
      71,
      93,
      20,
      58,
      45,
      24,
      61,
      4,
      33,
      5,
      42,
      51,
      63,
      75,
      2,
      38,
      34,
      37,
      48,
      70,
      96,
      13,
      27,
      62,
      23,
      53,
      86,
      39,
      68,
      14,
      36,
      66,
      74,
      76,
      90,
      8,
      30,
      43,
      56,
      77,
      89,
      3,
      12,
      28,
      55,
      73,
      83,
      18,
      84,
      40,
      67,
      82,
      19,
      44,
      88,
      94,
      26,
      59
    ],
    "profit": 363.0,
    "distance": 655.7596610031508
  },
  "time_relocate_0": 0.0,
  "time_relocate_1": 0.0,
  "time_relocate_2": 0.0,
  "time_exchange_0": 0.0,
  "time_exchange_1": 0.0,
  "time_exchange_2": 0.0,
  "time_two_opt": 0.0,
  "time_two_opt_star": 0.0
}
