{
  "instname": "pr03.txt",
  "N": 145,
  "m": 2,
  "param": {
    "problemName": "toptw",
    "authorId": "654321",
    "authorName": "Qian",
    "algoName": "ILS",
    "randomSeed": 3,
    "timeLimit": 60,
    "testSetPrefix": "",
    "testSetExtension": ".txt",
    "pathData": "data/toptw",
    "pathResultSol": "/Users/naiquh/box.nju/Seafile/code/teaching/teaching_toptw_java/result/toptw/ILS",
    "pathResultCsv": "/Users/naiquh/box.nju/Seafile/code/teaching/teaching_toptw_java/result/toptw/result_ILS.csv"
  },
  "time": 0.39,
  "obj": 646.0,
  "sol": {
    "routeList": [
      {
        "rList": [
          0,
          7,
          99,
          130,
          28,
          5,
          26,
          139,
          52,
          91,
          129,
          107,
          63,
          43,
          18,
          123,
          33,
          25,
          4,
          0
        ],
        "earliest": [
          0.0,
          59.77696741220651,
          149.332899102087,
          173.36953968009422,
          213.96596783265602,
          223.12617146104537,
          258.7473934804424,
          283.7787862052837,
          322.45954232449196,
          373.5125677734242,
          384.57841160130494,
          400.81385478488187,
          453.60408065699545,
          466.8057503732723,
          497.3621782728982,
          509.9415036283248,
          530.9082979841121,
          563.5039600915749,
          600.2732952532856,
          664.2028887003408
        ],
        "latest": [
          38.28152895946864,
          98.05849637167515,
          150.39139547376215,
          174.42803605176937,
          215.02446420433117,
          224.18466783272052,
          259.80588985211756,
          284.8372825769589,
          323.51803869616714,
          374.5710641450994,
          385.6369079729801,
          401.87235115655704,
          454.6625770286706,
          467.8642467449475,
          498.42067464457335,
          511.0,
          535.6350027308265,
          568.2306648382893,
          605.0,
          1000.0
        ],
        "profit": 347.0
      },
      {
        "rList": [
          0,
          118,
          38,
          64,
          102,
          23,
          81,
          53,
          29,
          82,
          96,
          94,
          2,
          44,
          124,
          144,
          142,
          0
        ],
        "earliest": [
          0.0,
          41.31781602408337,
          123.71161373404013,
          208.99101109317675,
          234.96621093543226,
          264.05739644108667,
          278.0744934191824,
          325.10321558184955,
          343.60112856491435,
          359.38466341040606,
          396.3081590210061,
          424.4442239676122,
          448.3707558896885,
          485.2568557806293,
          498.98598159507543,
          539.1493676909155,
          606.6690521222163,
          702.4280520586201
        ],
        "latest": [
          67.599814352188,
          108.91763037627138,
          150.6292441103115,
          212.62025520348826,
          238.59545504574376,
          267.68664055139817,
          281.7037375294939,
          328.73245969216106,
          347.23037267522585,
          363.01390752071757,
          399.9374031313176,
          428.0734680779237,
          452.0,
          494.0,
          509.3169294728592,
          549.4803155686993,
          617.0,
          1000.0
        ],
        "profit": 299.0
      }
    ],
    "unvisited": [
      27,
      49,
      78,
      104,
      110,
      48,
      93,
      117,
      59,
      9,
      10,
      31,
      50,
      61,
      19,
      24,
      34,
      39,
      66,
      74,
      134,
      32,
      40,
      80,
      119,
      128,
      137,
      90,
      111,
      127,
      14,
      22,
      56,
      75,
      87,
      88,
      100,
      136,
      65,
      103,
      115,
      141,
      47,
      57,
      79,
      125,
      138,
      3,
      17,
      20,
      37,
      71,
      77,
      131,
      133,
      1,
      12,
      51,
      109,
      13,
      21,
      105,
      126,
      16,
      58,
      68,
      98,
      112,
      6,
      36,
      45,
      86,
      108,
      113,
      143,
      11,
      41,
      62,
      67,
      72,
      95,
      114,
      120,
      135,
      15,
      54,
      92,
      97,
      106,
      132,
      140,
      30,
      60,
      70,
      83,
      116,
      85,
      89,
      101,
      8,
      42,
      46,
      55,
      69,
      73,
      121,
      122,
      35,
      76,
      84
    ],
    "profit": 646.0,
    "distance": 1366.630940758961
  },
  "time_relocate_0": 0.0,
  "time_relocate_1": 0.0,
  "time_relocate_2": 0.02100000000000001,
  "time_exchange_0": 0.0,
  "time_exchange_1": 0.0,
  "time_exchange_2": 0.0,
  "time_two_opt": 0.0,
  "time_two_opt_star": 0.04400000000000003
}
