{
  "instname": "pr06.txt",
  "N": 289,
  "m": 1,
  "param": {
    "problemName": "toptw",
    "authorId": "654321",
    "authorName": "Qian",
    "algoName": "ILS",
    "randomSeed": 3,
    "timeLimit": 60,
    "testSetPrefix": "",
    "testSetExtension": ".txt",
    "pathData": "data/toptw",
    "pathResultSol": "/Users/naiquh/box.nju/Seafile/code/teaching/teaching_toptw_java/result/toptw/ILS",
    "pathResultCsv": "/Users/naiquh/box.nju/Seafile/code/teaching/teaching_toptw_java/result/toptw/result_ILS.csv"
  },
  "time": 0.662,
  "obj": 498.0,
  "sol": {
    "routeList": [
      {
        "rList": [
          0,
          153,
          268,
          176,
          118,
          135,
          156,
          111,
          221,
          177,
          67,
          11,
          39,
          41,
          256,
          220,
          172,
          20,
          215,
          33,
          228,
          167,
          197,
          286,
          0
        ],
        "earliest": [
          0.0,
          25.232841972318536,
          108.30764977206249,
          134.1330654563235,
          152.83853459999042,
          201.27464412643585,
          223.88101177527415,
          233.422952549877,
          252.34607483390982,
          271.44020882236634,
          310.0969916372034,
          324.42809222476086,
          343.79555263208584,
          377.6235114104932,
          391.6137089041267,
          413.26660977517537,
          437.6083657704603,
          466.22721775601536,
          528.0499445202998,
          534.2135829320024,
          553.3704513113985,
          563.0705450134762,
          599.9276887372604,
          619.3237553714795,
          688.9832698299101
        ],
        "latest": [
          55.88614625240734,
          81.11898822472588,
          110.42663799678837,
          136.25205368104938,
          154.9575228247163,
          203.39363235116173,
          226.0,
          236.19573479386165,
          255.11885707789446,
          274.212991066351,
          312.86977388118805,
          327.2008744687455,
          346.5683348760705,
          380.39629365447786,
          394.38649114811136,
          416.03939201916,
          440.38114801444493,
          469.0,
          531.8363615882974,
          538.0,
          563.0,
          574.1428562762159,
          611.0,
          641.0,
          1000.0
        ],
        "profit": 498.0
      }
    ],
    "unvisited": [
      70,
      124,
      149,
      154,
      170,
      237,
      50,
      130,
      205,
      246,
      267,
      279,
      27,
      31,
      110,
      119,
      198,
      213,
      230,
      269,
      287,
      34,
      78,
      128,
      133,
      143,
      155,
      193,
      219,
      227,
      261,
      2,
      106,
      116,
      158,
      195,
      209,
      282,
      14,
      16,
      86,
      90,
      127,
      151,
      188,
      234,
      248,
      255,
      265,
      270,
      1,
      6,
      8,
      15,
      30,
      82,
      136,
      147,
      179,
      182,
      224,
      225,
      74,
      87,
      113,
      134,
      194,
      203,
      218,
      254,
      7,
      22,
      23,
      44,
      57,
      92,
      226,
      232,
      245,
      25,
      51,
      58,
      93,
      112,
      123,
      168,
      173,
      184,
      196,
      214,
      250,
      257,
      284,
      26,
      28,
      54,
      56,
      103,
      121,
      164,
      166,
      192,
      242,
      263,
      271,
      275,
      95,
      122,
      157,
      169,
      202,
      240,
      241,
      244,
      259,
      262,
      272,
      49,
      73,
      129,
      131,
      138,
      181,
      189,
      201,
      29,
      48,
      55,
      77,
      91,
      96,
      125,
      223,
      273,
      276,
      38,
      80,
      89,
      120,
      152,
      165,
      206,
      229,
      239,
      249,
      252,
      32,
      43,
      83,
      85,
      105,
      174,
      216,
      231,
      247,
      253,
      260,
      13,
      60,
      75,
      79,
      97,
      102,
      126,
      150,
      160,
      171,
      190,
      217,
      117,
      137,
      277,
      281,
      285,
      45,
      53,
      99,
      100,
      238,
      264,
      4,
      5,
      21,
      65,
      81,
      108,
      146,
      186,
      210,
      211,
      222,
      233,
      235,
      288,
      12,
      36,
      76,
      101,
      141,
      148,
      178,
      191,
      204,
      207,
      212,
      280,
      283,
      17,
      35,
      42,
      46,
      61,
      64,
      71,
      72,
      104,
      132,
      163,
      175,
      236,
      274,
      10,
      18,
      24,
      47,
      62,
      94,
      144,
      187,
      251,
      9,
      52,
      69,
      107,
      142,
      145,
      161,
      162,
      180,
      183,
      185,
      243,
      258,
      278,
      37,
      59,
      63,
      66,
      68,
      84,
      88,
      98,
      109,
      115,
      139,
      140,
      159,
      199,
      200,
      208,
      266,
      3,
      114,
      40,
      19
    ],
    "profit": 498.0,
    "distance": 688.9832698299101
  },
  "time_relocate_0": 0.0,
  "time_relocate_1": 0.0,
  "time_relocate_2": 0.0,
  "time_exchange_0": 0.0,
  "time_exchange_1": 0.0,
  "time_exchange_2": 0.0,
  "time_two_opt": 0.0,
  "time_two_opt_star": 0.001
}
