{
  "instname": "pr05.txt",
  "N": 241,
  "m": 1,
  "param": {
    "problemName": "toptw",
    "authorId": "654321",
    "authorName": "Qian",
    "algoName": "ILS",
    "randomSeed": 3,
    "timeLimit": 60,
    "testSetPrefix": "",
    "testSetExtension": ".txt",
    "pathData": "data/toptw",
    "pathResultSol": "/Users/naiquh/box.nju/Seafile/code/teaching/teaching_toptw_java/result/toptw/ILS",
    "pathResultCsv": "/Users/naiquh/box.nju/Seafile/code/teaching/teaching_toptw_java/result/toptw/result_ILS.csv"
  },
  "time": 0.242,
  "obj": 464.0,
  "sol": {
    "routeList": [
      {
        "rList": [
          0,
          137,
          77,
          204,
          153,
          80,
          135,
          29,
          81,
          102,
          193,
          235,
          165,
          18,
          238,
          237,
          43,
          163,
          123,
          85,
          182,
          198,
          64,
          136,
          121,
          32,
          9,
          0
        ],
        "earliest": [
          0.0,
          21.81952190126997,
          96.64497871599463,
          127.15444984867909,
          146.67193955436005,
          182.78450440053825,
          210.6964488572772,
          225.01314649595625,
          242.1295538292534,
          251.66434273173527,
          281.96991837321445,
          302.2148218494586,
          335.3434300148709,
          350.6768744067472,
          358.59965756264586,
          372.9894497164861,
          375.2953459604504,
          394.95242469394975,
          438.34880626029627,
          467.59854228892146,
          474.41890653869143,
          487.4459441079663,
          495.7851603333701,
          521.6086404382402,
          545.642951614222,
          571.3878222047774,
          587.7770864939266,
          638.983419136517
        ],
        "latest": [
          59.571837660489834,
          81.3913595617598,
          98.03633827775442,
          128.5458094104389,
          148.06329911611985,
          184.17586396229805,
          212.087808419037,
          226.40450605771605,
          243.5209133910132,
          253.05570229349507,
          283.3612779349743,
          303.6061814112184,
          336.7347895766307,
          352.068233968507,
          359.9910171244057,
          374.3808092782459,
          376.6867055222102,
          396.3437842557096,
          439.7401658220561,
          468.9899018506813,
          475.81026610045126,
          488.8373036697261,
          497.1765198951299,
          523.0,
          549.8658651202954,
          575.6107357108508,
          592.0,
          1000.0
        ],
        "profit": 464.0
      }
    ],
    "unvisited": [
      2,
      61,
      88,
      110,
      120,
      142,
      157,
      179,
      219,
      230,
      24,
      62,
      74,
      103,
      112,
      159,
      173,
      176,
      185,
      226,
      66,
      117,
      119,
      143,
      152,
      166,
      11,
      21,
      41,
      107,
      114,
      129,
      167,
      216,
      34,
      67,
      79,
      144,
      209,
      223,
      14,
      15,
      25,
      27,
      48,
      72,
      109,
      168,
      13,
      19,
      22,
      31,
      39,
      83,
      105,
      171,
      188,
      236,
      3,
      20,
      91,
      101,
      125,
      126,
      132,
      156,
      162,
      192,
      205,
      211,
      215,
      26,
      35,
      40,
      75,
      84,
      92,
      150,
      197,
      212,
      228,
      4,
      8,
      16,
      47,
      52,
      89,
      99,
      217,
      240,
      23,
      30,
      46,
      55,
      69,
      93,
      95,
      180,
      181,
      184,
      186,
      189,
      213,
      220,
      225,
      231,
      5,
      49,
      70,
      115,
      118,
      161,
      194,
      200,
      206,
      218,
      44,
      68,
      87,
      94,
      108,
      145,
      151,
      158,
      172,
      178,
      28,
      53,
      106,
      116,
      155,
      201,
      208,
      12,
      124,
      147,
      154,
      164,
      169,
      170,
      203,
      1,
      37,
      60,
      113,
      140,
      195,
      7,
      33,
      38,
      57,
      98,
      104,
      149,
      187,
      42,
      58,
      133,
      6,
      63,
      71,
      122,
      128,
      130,
      222,
      10,
      36,
      73,
      78,
      100,
      134,
      148,
      174,
      196,
      207,
      221,
      17,
      51,
      56,
      90,
      141,
      160,
      175,
      183,
      214,
      239,
      65,
      76,
      131,
      139,
      191,
      199,
      224,
      232,
      50,
      59,
      96,
      138,
      190,
      202,
      227,
      229,
      45,
      54,
      82,
      86,
      97,
      111,
      127,
      146,
      210,
      233,
      234,
      177
    ],
    "profit": 464.0,
    "distance": 638.983419136517
  },
  "time_relocate_0": 0.0,
  "time_relocate_1": 0.0,
  "time_relocate_2": 0.0,
  "time_exchange_0": 0.0,
  "time_exchange_1": 0.0,
  "time_exchange_2": 0.0,
  "time_two_opt": 0.0,
  "time_two_opt_star": 0.0
}
