{
  "instname": "pr17.txt",
  "N": 73,
  "m": 4,
  "param": {
    "problemName": "toptw",
    "authorId": "654321",
    "authorName": "Qian",
    "algoName": "ILS",
    "randomSeed": 3,
    "timeLimit": 60,
    "testSetPrefix": "",
    "testSetExtension": ".txt",
    "pathData": "data/toptw",
    "pathResultSol": "/Users/naiquh/box.nju/Seafile/code/teaching/teaching_toptw_java/result/toptw/ILS",
    "pathResultCsv": "/Users/naiquh/box.nju/Seafile/code/teaching/teaching_toptw_java/result/toptw/result_ILS.csv"
  },
  "time": 0.909,
  "obj": 815.0,
  "sol": {
    "routeList": [
      {
        "rList": [
          0,
          72,
          5,
          63,
          52,
          61,
          37,
          48,
          21,
          30,
          42,
          58,
          60,
          66,
          69,
          3,
          0
        ],
        "earliest": [
          0.0,
          89.72553151138197,
          132.7143148221009,
          166.23973966545068,
          212.9118151273782,
          272.61753484515515,
          290.1092617608819,
          337.94813044046674,
          356.15479779085933,
          380.74487005723336,
          412.2726581006357,
          447.11292829508886,
          505.8633664117518,
          531.1629843485335,
          589.4457115020024,
          646.4561068660079,
          742.220191286002
        ],
        "latest": [
          2.051869559533259,
          91.77740107091523,
          134.76618438163416,
          168.29160922498394,
          214.96368468691145,
          274.6694044046884,
          292.16113132041517,
          340.0,
          360.69869092485146,
          385.2887631912255,
          416.8165512346278,
          451.656821429081,
          510.40725954574395,
          535.7068774825257,
          593.9896046359945,
          651.0,
          1000.0
        ],
        "profit": 274.0
      },
      {
        "rList": [
          0,
          59,
          51,
          47,
          12,
          7,
          32,
          54,
          44,
          22,
          34,
          8,
          56,
          15,
          45,
          4,
          25,
          0
        ],
        "earliest": [
          0.0,
          83.62851514884143,
          100.43269631485205,
          141.69604933681177,
          170.19461230453717,
          202.9959780262075,
          302.3503436909715,
          349.77713403199,
          368.5996512464815,
          380.1930649008349,
          389.5102954769901,
          417.8272265959771,
          435.29713336559786,
          466.79379452089813,
          481.78530101313845,
          547.4363711539359,
          591.7483036286818,
          636.6972649021424
        ],
        "latest": [
          0.20620547910183973,
          83.83472062794327,
          100.63890179395389,
          141.9022548159136,
          170.400817783639,
          203.20218350530934,
          302.55654917007337,
          349.98333951109186,
          368.8058567255834,
          380.39927037993675,
          389.716500956092,
          418.03343207507896,
          435.5033388446997,
          467.0,
          497.3489298592026,
          563.0,
          630.0,
          1000.0
        ],
        "profit": 270.0
      },
      {
        "rList": [
          0,
          43,
          23,
          1,
          20,
          39,
          38,
          71,
          2,
          18,
          10,
          65,
          0
        ],
        "earliest": [
          0.0,
          79.08548687338278,
          125.1955416781044,
          162.72015897644206,
          322.0103630347353,
          376.9747505015463,
          388.68683337433197,
          428.81710486112655,
          457.7341939104113,
          504.4889559784854,
          547.5468268577121,
          572.585406615021,
          635.1028013430142
        ],
        "latest": [
          0.18289513887339126,
          79.26838201225617,
          125.3784368169778,
          162.90305411531546,
          322.1932581736087,
          377.15764564041973,
          388.8697285132054,
          429.0,
          462.1487872953902,
          508.9035493634643,
          551.961420242691,
          577.0,
          1000.0
        ],
        "profit": 139.0
      },
      {
        "rList": [
          0,
          35,
          70,
          67,
          29,
          50,
          17,
          41,
          49,
          26,
          68,
          0
        ],
        "earliest": [
          0.0,
          29.217900763059617,
          126.75451191779439,
          160.1286377819463,
          233.49965012222006,
          339.2577372961991,
          387.67631187149567,
          411.36377186230476,
          456.29512653947984,
          508.4987032293487,
          551.9850275620697,
          655.8420615883495
        ],
        "latest": [
          41.39572415879496,
          70.61362492185458,
          131.36813683964897,
          164.7422627038009,
          234.24191282602095,
          340.0,
          403.0,
          440.0,
          496.3100989774101,
          548.5136756672789,
          592.0,
          1000.0
        ],
        "profit": 132.0
      }
    ],
    "unvisited": [
      64,
      16,
      53,
      31,
      24,
      11,
      28,
      13,
      27,
      46,
      57,
      62,
      40,
      6,
      33,
      36,
      19,
      55,
      9,
      14
    ],
    "profit": 815.0,
    "distance": 2669.8623191195084
  },
  "time_relocate_0": 0.0,
  "time_relocate_1": 0.0,
  "time_relocate_2": 0.19100000000000014,
  "time_exchange_0": 0.0,
  "time_exchange_1": 0.0,
  "time_exchange_2": 0.0,
  "time_two_opt": 0.0,
  "time_two_opt_star": 0.36300000000000027
}
