{
  "instname": "pr18.txt",
  "N": 145,
  "m": 3,
  "param": {
    "problemName": "toptw",
    "authorId": "654321",
    "authorName": "Qian",
    "algoName": "ILS",
    "randomSeed": 3,
    "timeLimit": 60,
    "testSetPrefix": "",
    "testSetExtension": ".txt",
    "pathData": "data/toptw",
    "pathResultSol": "/Users/naiquh/box.nju/Seafile/code/teaching/teaching_toptw_java/result/toptw/ILS",
    "pathResultCsv": "/Users/naiquh/box.nju/Seafile/code/teaching/teaching_toptw_java/result/toptw/result_ILS.csv"
  },
  "time": 0.524,
  "obj": 970.0,
  "sol": {
    "routeList": [
      {
        "rList": [
          0,
          17,
          71,
          59,
          24,
          108,
          68,
          125,
          72,
          135,
          41,
          1,
          136,
          33,
          56,
          144,
          92,
          138,
          83,
          14,
          112,
          107,
          0
        ],
        "earliest": [
          0.0,
          46.408257853532916,
          78.5491313456527,
          130.6415856165855,
          148.4843142740797,
          185.11770520996185,
          206.4052300732147,
          220.74717954561024,
          246.6317523769851,
          267.4128990938392,
          288.25046254452326,
          308.10276460554485,
          326.05514453591854,
          364.8774773408538,
          389.92217545081684,
          424.66146664883104,
          449.4019743915946,
          483.0843873836632,
          512.4970654513663,
          550.5031180808154,
          574.6891364423444,
          592.2560741955738,
          705.6020041600286
        ],
        "latest": [
          39.94057526463085,
          86.34883311816377,
          97.89796446381646,
          139.53955008040197,
          157.38227873789617,
          194.0156696737783,
          215.30319453703115,
          229.64514400942667,
          255.52971684080154,
          276.31086355765564,
          295.5613261021789,
          315.4136281632005,
          333.3660080935742,
          372.1883408985094,
          397.2330390084725,
          431.9723302064867,
          456.71283794925023,
          490.39525094131886,
          519.8079290090219,
          557.813981638471,
          582.0,
          600.0,
          1000.0
        ],
        "profit": 401.0
      },
      {
        "rList": [
          0,
          118,
          51,
          113,
          8,
          106,
          19,
          109,
          63,
          28,
          34,
          114,
          93,
          47,
          127,
          50,
          0
        ],
        "earliest": [
          0.0,
          78.28895991773042,
          115.08307282171873,
          155.2933272728153,
          170.87370996256303,
          210.4510951352687,
          255.47159989451617,
          317.0999587710448,
          340.2194386278703,
          367.9152419927881,
          387.80111120090527,
          431.12784576171174,
          462.8359060927924,
          502.13809118601114,
          545.1156155229025,
          593.4518518467336,
          635.1327951778733
        ],
        "latest": [
          2.872154238288303,
          81.16111415601873,
          117.95522706000702,
          158.1654815111036,
          173.74586420085132,
          213.323249373557,
          258.34375413280446,
          319.97211300933304,
          343.0915928661586,
          370.78739623107634,
          390.67326543919353,
          434.0,
          470.38405424605884,
          509.68623933927756,
          552.663763676169,
          601.0,
          1000.0
        ],
        "profit": 320.0
      },
      {
        "rList": [
          0,
          54,
          44,
          13,
          141,
          98,
          2,
          124,
          55,
          36,
          52,
          30,
          48,
          100,
          117,
          0
        ],
        "earliest": [
          0.0,
          42.635252362335095,
          84.04970281279999,
          113.28372787628308,
          175.15526043043252,
          237.39453895173304,
          271.0640143224824,
          301.68293944638975,
          347.1788473169256,
          399.7052946968786,
          411.1587160782437,
          446.209504961981,
          471.8520421278537,
          495.13392559002295,
          557.4735009141543,
          704.8238625889417
        ],
        "latest": [
          26.659452940786323,
          69.29470530312142,
          90.34440811592141,
          119.5784331794045,
          181.44996573355394,
          243.68924425485446,
          277.35871962560384,
          307.97764474951117,
          353.47355262004703,
          406.0,
          420.9492111162627,
          456.0,
          486.37854121369935,
          509.6604246758686,
          572.0,
          1000.0
        ],
        "profit": 249.0
      }
    ],
    "unvisited": [
      87,
      116,
      131,
      37,
      60,
      123,
      6,
      20,
      32,
      58,
      61,
      23,
      39,
      89,
      119,
      43,
      64,
      115,
      9,
      57,
      67,
      85,
      129,
      140,
      22,
      65,
      84,
      88,
      133,
      143,
      7,
      10,
      21,
      73,
      76,
      102,
      27,
      49,
      75,
      78,
      99,
      121,
      130,
      80,
      105,
      132,
      11,
      16,
      74,
      81,
      110,
      126,
      128,
      18,
      26,
      82,
      96,
      97,
      134,
      3,
      31,
      90,
      101,
      120,
      137,
      139,
      142,
      4,
      45,
      69,
      86,
      104,
      122,
      38,
      46,
      62,
      12,
      40,
      91,
      94,
      95,
      42,
      53,
      103,
      15,
      29,
      35,
      79,
      111,
      5,
      25,
      66,
      70,
      77
    ],
    "profit": 970.0,
    "distance": 2045.5586619268436
  },
  "time_relocate_0": 0.0,
  "time_relocate_1": 0.0,
  "time_relocate_2": 0.047000000000000035,
  "time_exchange_0": 0.0,
  "time_exchange_1": 0.0,
  "time_exchange_2": 0.0,
  "time_two_opt": 0.0,
  "time_two_opt_star": 0.11700000000000009
}
