{
  "instname": "pr02.txt",
  "N": 97,
  "m": 3,
  "param": {
    "problemName": "toptw",
    "authorId": "654321",
    "authorName": "Qian",
    "algoName": "ILS",
    "randomSeed": 3,
    "timeLimit": 60,
    "testSetPrefix": "",
    "testSetExtension": ".txt",
    "pathData": "data/toptw",
    "pathResultSol": "/Users/naiquh/box.nju/Seafile/code/teaching/teaching_toptw_java/result/toptw/ILS",
    "pathResultCsv": "/Users/naiquh/box.nju/Seafile/code/teaching/teaching_toptw_java/result/toptw/result_ILS.csv"
  },
  "time": 0.5750000000000001,
  "obj": 827.0,
  "sol": {
    "routeList": [
      {
        "rList": [
          0,
          6,
          80,
          24,
          67,
          71,
          85,
          95,
          58,
          35,
          26,
          91,
          21,
          52,
          54,
          33,
          78,
          88,
          87,
          81,
          0
        ],
        "earliest": [
          0.0,
          73.0377081924125,
          110.62235898150868,
          128.54129296371585,
          146.10445402594615,
          173.02853289097047,
          211.04640131969717,
          265.67979845109807,
          299.06031780889595,
          347.5789359609762,
          371.8768962700552,
          382.65323783464595,
          402.3009654163087,
          425.97656331284395,
          463.0544603859156,
          501.4471461119844,
          522.1532793442676,
          531.2510455650274,
          568.3201230749482,
          619.5825723133571,
          654.3896066561821
        ],
        "latest": [
          17.08019413376681,
          90.1179023261793,
          127.70255311527549,
          133.24384607899134,
          150.80700714122162,
          177.73108600624593,
          215.74895443497263,
          268.4287528860707,
          301.8092722438686,
          350.3278903959488,
          374.62585070502786,
          385.4021922696186,
          405.04991985128135,
          428.7255177478166,
          465.80341482088824,
          504.19610054695704,
          524.9022337792402,
          534.0,
          578.7375507615911,
          630.0,
          1000.0
        ],
        "profit": 342.0
      },
      {
        "rList": [
          0,
          73,
          62,
          60,
          72,
          32,
          17,
          64,
          55,
          93,
          92,
          44,
          69,
          9,
          25,
          16,
          20,
          0
        ],
        "earliest": [
          0.0,
          31.662563462234075,
          107.16142568690205,
          142.73740874677674,
          152.0969358704488,
          190.1879503460347,
          234.8652208103804,
          264.39972617746565,
          306.49076203202316,
          331.17548660271956,
          343.459270232336,
          396.6516782846925,
          433.62352510771655,
          458.1946748536776,
          495.75674358374806,
          556.9615969937527,
          578.8917809480298,
          663.837019065832
        ],
        "latest": [
          58.4722157273855,
          90.13477918961958,
          111.29620487652163,
          146.87218793639633,
          156.23171506006838,
          194.3227295356543,
          239.0,
          271.50794522943585,
          313.59898108399335,
          338.28370565468975,
          350.5674892843062,
          403.7598973366627,
          440.73174415968674,
          465.3028939056478,
          502.86496263571826,
          564.0698160457229,
          586.0,
          1000.0
        ],
        "profit": 281.0
      },
      {
        "rList": [
          0,
          79,
          57,
          22,
          42,
          15,
          41,
          61,
          45,
          46,
          82,
          31,
          4,
          77,
          70,
          0
        ],
        "earliest": [
          0.0,
          34.59056325069021,
          145.25509140461295,
          184.0267959625258,
          203.5939871544862,
          250.85057771530285,
          315.2140119949536,
          341.6659915961335,
          354.26889064238526,
          404.1690930579806,
          442.732213733082,
          459.80243197844646,
          494.96023436063626,
          519.4622304667184,
          576.0409495034369,
          631.6995655186704
        ],
        "latest": [
          89.35191336625043,
          123.94247661694064,
          153.1975680215536,
          189.22436398407936,
          208.79155517603976,
          256.04814573685644,
          320.4115800165072,
          346.8635596176871,
          359.46645866393885,
          409.36666107953414,
          447.92978175463554,
          465.0,
          509.9192848571994,
          534.4212809632816,
          591.0,
          1000.0
        ],
        "profit": 204.0
      }
    ],
    "unvisited": [
      49,
      7,
      10,
      50,
      29,
      65,
      5,
      51,
      63,
      75,
      2,
      34,
      37,
      48,
      96,
      13,
      27,
      47,
      23,
      53,
      86,
      39,
      68,
      14,
      36,
      66,
      74,
      76,
      90,
      1,
      8,
      30,
      43,
      56,
      89,
      3,
      12,
      28,
      83,
      84,
      40,
      59,
      38,
      94,
      11,
      18,
      19
    ],
    "profit": 827.0,
    "distance": 1949.9261912406844
  },
  "time_relocate_0": 0.0,
  "time_relocate_1": 0.0,
  "time_relocate_2": 0.06600000000000004,
  "time_exchange_0": 0.0,
  "time_exchange_1": 0.0,
  "time_exchange_2": 0.0,
  "time_two_opt": 0.0,
  "time_two_opt_star": 0.17300000000000013
}
