{
  "instname": "pr02.txt",
  "N": 97,
  "m": 2,
  "param": {
    "problemName": "toptw",
    "authorId": "654321",
    "authorName": "Qian",
    "algoName": "ILS",
    "randomSeed": 3,
    "timeLimit": 60,
    "testSetPrefix": "",
    "testSetExtension": ".txt",
    "pathData": "data/toptw",
    "pathResultSol": "/Users/naiquh/box.nju/Seafile/code/teaching/teaching_toptw_java/result/toptw/ILS",
    "pathResultCsv": "/Users/naiquh/box.nju/Seafile/code/teaching/teaching_toptw_java/result/toptw/result_ILS.csv"
  },
  "time": 0.334,
  "obj": 620.0,
  "sol": {
    "routeList": [
      {
        "rList": [
          0,
          60,
          73,
          17,
          72,
          65,
          32,
          95,
          58,
          41,
          61,
          45,
          52,
          11,
          54,
          21,
          25,
          69,
          87,
          0
        ],
        "earliest": [
          0.0,
          12.475125690749572,
          97.5328523774691,
          128.0145111861953,
          176.5020058416947,
          213.4752637525559,
          221.22046401422415,
          251.12744421748567,
          284.50796357528355,
          321.0021382225502,
          347.4541178237301,
          360.0570168699819,
          390.10473366338385,
          424.26587276295606,
          437.26464916938227,
          462.8645816192565,
          499.13724982012707,
          538.3681787480868,
          581.0560862981453,
          612.1718957294471
        ],
        "latest": [
          65.50822490050496,
          77.98335059125453,
          105.51620296872363,
          135.99786177744983,
          178.49986761914454,
          215.47312553000572,
          223.21832579167398,
          253.1253059949355,
          286.5058253527334,
          323.0,
          363.13338235620256,
          375.7362814024544,
          405.7839981958563,
          439.94513729542854,
          452.94391370185474,
          469.80849532111125,
          506.0811635219818,
          545.3120924499416,
          588.0,
          1000.0
        ],
        "profit": 327.0
      },
      {
        "rList": [
          0,
          6,
          18,
          24,
          80,
          22,
          85,
          15,
          26,
          91,
          93,
          19,
          44,
          81,
          9,
          16,
          20,
          0
        ],
        "earliest": [
          0.0,
          73.0377081924125,
          121.00198074170785,
          141.83220711316838,
          147.37350007688423,
          187.91930034175735,
          209.46474829480857,
          255.2220984321608,
          291.1525832286059,
          301.92892479319664,
          394.26260632858344,
          411.6389762865442,
          434.6782817795544,
          476.2474817897996,
          503.0530516577069,
          550.7211358560504,
          572.6513198103275,
          657.5965579281296
        ],
        "latest": [
          2.0806996582426365,
          75.11840785065513,
          123.0826803999505,
          143.91290677141103,
          149.45419973512688,
          190.0,
          220.7779015678392,
          263.0,
          300.5316304911582,
          311.3079720557489,
          403.57057838433235,
          420.9469483422931,
          437.62523012184755,
          479.19443013209275,
          506.0,
          564.0698160457229,
          586.0,
          1000.0
        ],
        "profit": 293.0
      }
    ],
    "unvisited": [
      31,
      64,
      92,
      49,
      7,
      10,
      50,
      35,
      71,
      88,
      4,
      33,
      5,
      42,
      46,
      51,
      63,
      75,
      2,
      38,
      78,
      34,
      37,
      79,
      48,
      70,
      96,
      13,
      27,
      47,
      23,
      53,
      86,
      39,
      68,
      14,
      36,
      66,
      76,
      90,
      1,
      8,
      30,
      43,
      56,
      77,
      89,
      3,
      12,
      28,
      55,
      83,
      84,
      94,
      40,
      59,
      67,
      82,
      62,
      57,
      29,
      74
    ],
    "profit": 620.0,
    "distance": 1269.7684536575766
  },
  "time_relocate_0": 0.0,
  "time_relocate_1": 0.0,
  "time_relocate_2": 0.047000000000000035,
  "time_exchange_0": 0.0,
  "time_exchange_1": 0.0,
  "time_exchange_2": 0.0,
  "time_two_opt": 0.0,
  "time_two_opt_star": 0.05300000000000004
}
