{
  "instname": "pr04.txt",
  "N": 193,
  "m": 1,
  "param": {
    "problemName": "toptw",
    "authorId": "654321",
    "authorName": "Qian",
    "algoName": "ILS",
    "randomSeed": 3,
    "timeLimit": 60,
    "testSetPrefix": "",
    "testSetExtension": ".txt",
    "pathData": "data/toptw",
    "pathResultSol": "/Users/naiquh/box.nju/Seafile/code/teaching/teaching_toptw_java/result/toptw/ILS",
    "pathResultCsv": "/Users/naiquh/box.nju/Seafile/code/teaching/teaching_toptw_java/result/toptw/result_ILS.csv"
  },
  "time": 0.322,
  "obj": 417.0,
  "sol": {
    "routeList": [
      {
        "rList": [
          0,
          110,
          25,
          79,
          3,
          91,
          180,
          12,
          90,
          124,
          44,
          17,
          185,
          189,
          9,
          177,
          121,
          67,
          161,
          104,
          152,
          186,
          0
        ],
        "earliest": [
          0.0,
          51.64008049954996,
          92.82308583792576,
          127.80685012686149,
          155.50431245849566,
          188.70917240851256,
          222.77739316542105,
          262.67250955379643,
          311.4440225495925,
          336.76979934414396,
          354.3264687177599,
          362.1130237419918,
          365.1145350998905,
          410.41378567604886,
          439.85747249965357,
          444.5560918523772,
          468.24136073253453,
          489.4163763230474,
          510.2088402536695,
          539.7305523083826,
          574.2918817302095,
          622.603509630945,
          649.4908046879386
        ],
        "latest": [
          16.582526335028994,
          68.22260683457895,
          93.04569267250471,
          128.02945696144045,
          155.72691929307462,
          188.9317792430915,
          223.0,
          264.81503705414286,
          313.5865500499389,
          338.9123268444904,
          356.4689962181063,
          364.25555124233824,
          367.2570626002369,
          412.5563131763953,
          442.0,
          453.3472515987077,
          477.032520478865,
          498.2075360693779,
          519.0,
          550.1270426774377,
          584.6883720992645,
          633.0,
          1000.0
        ],
        "profit": 417.0
      }
    ],
    "unvisited": [
      8,
      23,
      60,
      95,
      117,
      137,
      188,
      36,
      51,
      85,
      97,
      144,
      107,
      120,
      16,
      26,
      37,
      42,
      47,
      89,
      168,
      191,
      20,
      61,
      65,
      127,
      155,
      179,
      30,
      66,
      146,
      32,
      39,
      62,
      109,
      133,
      174,
      175,
      190,
      56,
      58,
      80,
      31,
      57,
      81,
      101,
      106,
      118,
      142,
      4,
      5,
      53,
      98,
      151,
      157,
      52,
      76,
      99,
      132,
      139,
      153,
      158,
      178,
      10,
      103,
      115,
      123,
      138,
      22,
      35,
      86,
      165,
      18,
      33,
      41,
      71,
      72,
      140,
      147,
      149,
      1,
      2,
      14,
      135,
      141,
      159,
      160,
      172,
      13,
      21,
      63,
      119,
      128,
      129,
      148,
      154,
      169,
      187,
      19,
      24,
      49,
      54,
      84,
      92,
      102,
      131,
      150,
      163,
      171,
      50,
      75,
      77,
      93,
      94,
      145,
      29,
      78,
      96,
      100,
      114,
      116,
      134,
      11,
      48,
      69,
      83,
      105,
      111,
      183,
      184,
      46,
      73,
      74,
      82,
      87,
      130,
      192,
      27,
      28,
      40,
      88,
      143,
      170,
      176,
      181,
      45,
      122,
      162,
      173,
      182,
      6,
      15,
      34,
      43,
      59,
      64,
      68,
      70,
      125,
      126,
      156,
      167,
      7,
      55,
      112,
      164,
      166,
      108,
      38,
      113,
      136
    ],
    "profit": 417.0,
    "distance": 649.4908046879386
  },
  "time_relocate_0": 0.0,
  "time_relocate_1": 0.0,
  "time_relocate_2": 0.0,
  "time_exchange_0": 0.0,
  "time_exchange_1": 0.0,
  "time_exchange_2": 0.0,
  "time_two_opt": 0.0,
  "time_two_opt_star": 0.001
}
