{
  "instname": "pr07.txt",
  "N": 73,
  "m": 2,
  "param": {
    "problemName": "toptw",
    "authorId": "654321",
    "authorName": "Qian",
    "algoName": "ILS",
    "randomSeed": 3,
    "timeLimit": 60,
    "testSetPrefix": "",
    "testSetExtension": ".txt",
    "pathData": "data/toptw",
    "pathResultSol": "/Users/naiquh/box.nju/Seafile/code/teaching/teaching_toptw_java/result/toptw/ILS",
    "pathResultCsv": "/Users/naiquh/box.nju/Seafile/code/teaching/teaching_toptw_java/result/toptw/result_ILS.csv"
  },
  "time": 0.111,
  "obj": 508.0,
  "sol": {
    "routeList": [
      {
        "rList": [
          0,
          31,
          38,
          2,
          35,
          25,
          22,
          56,
          69,
          44,
          3,
          54,
          32,
          15,
          8,
          72,
          0
        ],
        "earliest": [
          0.0,
          47.67659305151743,
          120.35398165984493,
          144.61170843265475,
          167.42594415983882,
          216.21436641526307,
          254.08197459615215,
          268.20629111629313,
          302.1931609162584,
          339.84826782615846,
          368.38924006512667,
          401.40860890543536,
          433.83539924645385,
          512.3917827688688,
          547.9670286681,
          584.5158076204073,
          667.4336417736281
        ],
        "latest": [
          16.488007702028682,
          64.16460075354611,
          124.51858241339104,
          148.77630918620088,
          171.59054491338495,
          220.3789671688092,
          258.2465753496983,
          272.3708918698393,
          306.3577616698046,
          344.0128685797046,
          372.5538408186728,
          405.5732096589815,
          438.0,
          519.8759751484615,
          555.4512210476928,
          592.0,
          1000.0
        ],
        "profit": 268.0
      },
      {
        "rList": [
          0,
          12,
          46,
          29,
          41,
          47,
          49,
          48,
          66,
          19,
          42,
          60,
          58,
          37,
          0
        ],
        "earliest": [
          0.0,
          66.41911671348845,
          158.88444328415753,
          184.44271641271777,
          278.57761117650546,
          304.0805392899965,
          353.87058488404153,
          412.0722944386005,
          428.66191976937614,
          464.5496957281955,
          474.0815247003722,
          509.3234194355588,
          549.0738575522217,
          583.7695714803089,
          638.681970171643
        ],
        "latest": [
          10.811311806202667,
          77.23042851969112,
          159.11487180384864,
          184.6731449324089,
          278.8080396961966,
          304.31096780968767,
          354.1010134037327,
          412.30272295829167,
          428.8923482890673,
          464.78012424788665,
          474.31195322006334,
          509.5538479552499,
          549.3042860719129,
          584.0,
          1000.0
        ],
        "profit": 240.0
      }
    ],
    "unvisited": [
      63,
      1,
      52,
      65,
      71,
      5,
      30,
      50,
      67,
      9,
      51,
      64,
      10,
      45,
      39,
      4,
      16,
      33,
      36,
      53,
      26,
      61,
      24,
      70,
      11,
      18,
      23,
      55,
      21,
      28,
      13,
      59,
      20,
      27,
      68,
      17,
      57,
      62,
      6,
      14,
      40,
      7,
      43,
      34
    ],
    "profit": 508.0,
    "distance": 1306.1156119452712
  },
  "time_relocate_0": 0.0,
  "time_relocate_1": 0.0,
  "time_relocate_2": 0.010000000000000002,
  "time_exchange_0": 0.0,
  "time_exchange_1": 0.0,
  "time_exchange_2": 0.0,
  "time_two_opt": 0.0,
  "time_two_opt_star": 0.024000000000000014
}
