{
  "instname": "pr13.txt",
  "N": 145,
  "m": 2,
  "param": {
    "problemName": "toptw",
    "authorId": "654321",
    "authorName": "Qian",
    "algoName": "ILS",
    "randomSeed": 3,
    "timeLimit": 60,
    "testSetPrefix": "",
    "testSetExtension": ".txt",
    "pathData": "data/toptw",
    "pathResultSol": "/Users/naiquh/box.nju/Seafile/code/teaching/teaching_toptw_java/result/toptw/ILS",
    "pathResultCsv": "/Users/naiquh/box.nju/Seafile/code/teaching/teaching_toptw_java/result/toptw/result_ILS.csv"
  },
  "time": 0.308,
  "obj": 659.0,
  "sol": {
    "routeList": [
      {
        "rList": [
          0,
          68,
          128,
          123,
          29,
          53,
          82,
          18,
          22,
          5,
          107,
          26,
          39,
          17,
          45,
          91,
          139,
          80,
          10,
          112,
          79,
          70,
          6,
          141,
          74,
          0
        ],
        "earliest": [
          0.0,
          59.435268056937375,
          87.50576299268673,
          98.28967116180203,
          129.28613555602303,
          148.7840485390878,
          166.1468982121307,
          204.34787461343552,
          219.61852768947153,
          256.313666853988,
          276.73985874377183,
          316.0783073695417,
          336.88462263828137,
          359.85816873754266,
          369.82076092723753,
          372.2585394100345,
          397.5085314570918,
          413.23867357046794,
          448.7399032947083,
          468.48137784444475,
          499.21791472695725,
          510.94534231854084,
          537.9243263248487,
          593.727381275288,
          612.2804838315174,
          692.6126340877217
        ],
        "latest": [
          11.778485118858569,
          71.21375317579594,
          90.71951616848267,
          101.0091873302847,
          132.0056517245057,
          151.50356470757046,
          168.86641438061338,
          207.0673907819182,
          222.3380438579542,
          259.03318302247067,
          279.4593749122545,
          318.7978235380243,
          339.604138806764,
          362.5776849060253,
          372.54027709572017,
          374.9780555785171,
          400.22804762557445,
          415.9581897389506,
          451.45941946319095,
          471.2008940129274,
          501.9374308954399,
          513.6648584870235,
          540.6438424933314,
          596.4468974437707,
          615.0,
          1000.0
        ],
        "profit": 383.0
      },
      {
        "rList": [
          0,
          110,
          40,
          52,
          13,
          31,
          38,
          103,
          27,
          44,
          130,
          81,
          7,
          104,
          58,
          108,
          0
        ],
        "earliest": [
          0.0,
          45.750516073592,
          117.91425160019243,
          149.34989625938456,
          197.37081039425624,
          253.84928404023313,
          271.69989529027646,
          316.1560430446265,
          357.4736329418796,
          410.0050949626684,
          431.80221507579944,
          452.91939366654407,
          494.6653754910207,
          550.8258682672327,
          585.4487120887333,
          620.6481131415932,
          687.6750770814259
        ],
        "latest": [
          23.09344088178154,
          68.84395695537354,
          120.75820855556597,
          152.19385321475812,
          200.2147673496298,
          256.6932409956067,
          274.54385224565,
          319.0,
          363.8255198002864,
          416.3569818210752,
          438.1541019342062,
          459.27128052495084,
          501.0172623494275,
          557.1777551256396,
          591.8005989471401,
          627.0,
          1000.0
        ],
        "profit": 276.0
      }
    ],
    "unvisited": [
      49,
      78,
      4,
      144,
      2,
      48,
      64,
      93,
      117,
      33,
      43,
      59,
      9,
      25,
      35,
      94,
      142,
      50,
      61,
      118,
      19,
      24,
      34,
      66,
      124,
      134,
      32,
      119,
      137,
      90,
      111,
      127,
      14,
      56,
      75,
      87,
      88,
      100,
      136,
      65,
      23,
      102,
      47,
      57,
      99,
      125,
      138,
      3,
      20,
      37,
      71,
      77,
      96,
      131,
      133,
      1,
      12,
      51,
      109,
      21,
      105,
      122,
      126,
      84,
      98,
      28,
      36,
      63,
      113,
      143,
      11,
      41,
      62,
      67,
      72,
      95,
      114,
      120,
      135,
      15,
      54,
      76,
      92,
      97,
      106,
      132,
      140,
      30,
      60,
      83,
      116,
      85,
      89,
      8,
      42,
      46,
      55,
      69,
      73,
      121,
      16,
      129,
      101,
      115,
      86
    ],
    "profit": 659.0,
    "distance": 1380.2877111691478
  },
  "time_relocate_0": 0.0,
  "time_relocate_1": 0.0,
  "time_relocate_2": 0.016000000000000007,
  "time_exchange_0": 0.0,
  "time_exchange_1": 0.0,
  "time_exchange_2": 0.0,
  "time_two_opt": 0.0,
  "time_two_opt_star": 0.027000000000000017
}
